"dir","count"
"/js/"                         ,"457"
"/css/"                        ,"368"
"/images/"                     ,"354"
"/api/"                        ,"254"
"/static/"                     ,"207"
"/img/"                        ,"183"
"/common/"                     ,"155"
"/login/"                      ,"147"
"/user/"                       ,"137"
"/v1/"                         ,"128"
"/fonts/"                      ,"85"
"/assets/"                     ,"84"
"/web/"                        ,"82"
"/image/"                      ,"72"
"/v2/"                         ,"68"
"/jquery/"                     ,"65"
"/lib/"                        ,"63"
"/scripts/"                    ,"60"
"/default/"                    ,"57"
"/list/"                       ,"55"
"/dist/"                       ,"53"
"/upload/"                     ,"53"
"/app/","51"
"/home/"                       ,"49"
"/public/","49"
"/index/"                      ,"47"
"/Account/"                    ,"46"
"/service/","43"
"/register/"                   ,"42"
"/captcha/"                    ,"42"
"/rest/"                       ,"41"
"/query/"                      ,"40"
"/1/","40"
"/base/"                       ,"39"
"/skin/"                       ,"39"
"/content/","38"
"/config/"                     ,"38"
"/themes/"                     ,"37"
"/admin/"                      ,"37"
"/styles/"                     ,"37"
"/product/"                    ,"36"
"/plugins/"                    ,"35"
"/rsa/","35"
"/search/","35"
"/2/","34"
"/i/"                          ,"34"
"/resource/"                   ,"34"
"/zh/","33"
"/code/"                       ,"33"
"/0/","32"
"/gy/"                         ,"31"
"/resources/"                  ,"31"
"/ui/"                         ,"31"
"/dlzt/"                       ,"31"
"/srf/","31"
"/zrr/"                        ,"31"
"/mm/","31"
"/loginstatus/"                ,"30"
"/gchatpic_new/","30"
"/kpzxx/","30"
"/data/"                       ,"29"
"/pc/"                         ,"29"
"/activity/","29"
"/gjhqd/","29"
"/basecode/","29"
"/vn/"                         ,"29"
"/wjmm/"                       ,"29"
"/sfzc/"                       ,"29"
"/Page/"                       ,"29"
"/v3/"                         ,"28"
"/cms/"                        ,"28"
"/mobile/"                     ,"28"
"/2019/"                       ,"27"
"/message/"                    ,"27"
"/widget/","27"
"/video/","26"
"/yl/","26"
"/icons/"                      ,"26"
"/s/","25"
"/order/"                      ,"25"
"/auth/"                       ,"24"
"/ylfw/","24"
"/header/"                     ,"24"
"/edgedl/"                     ,"24"
"/download/"                   ,"24"
"/11/","24"
"/yzmcj/"                      ,"24"
"/html/"                       ,"23"
"/zh-CN/","23"
"/icon/"                       ,"23"
"/channel/","23"
"/c/"                          ,"22"
"/style/","22"
"/12/"                         ,"22"
"/m/"                          ,"22"
"/ajax/"                       ,"22"
"/portal/","21"
"/2018/"                       ,"21"
"/main/","21"
"/3/","21"
"/a/"                          ,"20"
"/widevine-cdm/","20"
"/cgi-bin/"                    ,"20"
"/My97DatePicker/"             ,"20"
"/h5/","20"
"/uploads/"                    ,"20"
"/res/"                        ,"20"
"/qrcode/"                     ,"19"
"/libs/"                       ,"19"
"/manager/"                    ,"19"
"/theme/"                      ,"19"
"/log/"                        ,"19"
"/vendor/"                     ,"19"
"/view/","19"
"/component/"                  ,"19"
"/console/"                    ,"19"
"/layer/","18"
"/banner/","18"
"/operation/"                  ,"18"
"/users/","18"
"/2017/"                       ,"18"
"/6/"                          ,"17"
"/skins/","17"
"/security/"                   ,"17"
"/android/","17"
"/asset/"                      ,"17"
"/font/"                       ,"17"
"/5/"                          ,"17"
"/error/"                      ,"17"
"/src/"                        ,"17"
"/global/","17"
"/20/"                         ,"17"
"/bootstrap/"                  ,"17"
"/blog/"                       ,"16"
"/17/","16"
"/homePage/"                   ,"16"
"/10/","16"
"/pkg/"                        ,"16"
"/07/","16"
"/Pages/"                      ,"16"
"/script/","16"
"/sso/"                        ,"16"
"/04/","16"
"/it/","16"
"/vips-mobile/"                ,"16"
"/member/"                     ,"16"
"/analytics/"                  ,"15"
"/v4/"                         ,"15"
"/apc/","15"
"/files/"                      ,"15"
"/update/","15"
"/28/","15"
"/help/"                       ,"15"
"/share/"                      ,"15"
"/09/"                         ,"15"
"/item/","15"
"/modules/"                    ,"15"
"/file/"                       ,"15"
"/notice/"                     ,"15"
"/29/"                         ,"14"
"/tps/","14"
"/03/"                         ,"14"
"/7/","14"
"/_/"                          ,"14"
"/08/"                         ,"14"
"/lang/"                       ,"14"
"/open/"                       ,"14"
"/i2/","14"
"/project/"                    ,"14"
"/plugin/"                     ,"14"
"/layout/"                     ,"14"
"/pic/"                        ,"14"
"/u/","14"
"/p/"                          ,"14"
"/02/","14"
"/bundles/"                    ,"14"
"/statics/"                    ,"14"
"/4/"                          ,"14"
"/avatar/"                     ,"14"
"/util/","13"
"/r/"                          ,"13"
"/media/"                      ,"13"
"/news/"                       ,"13"
"/13/","13"
"/dynamic-config/"             ,"13"
"/popup/"                      ,"13"
"/31/"                         ,"13"
"/8/","13"
"/store/"                      ,"13"
"/passport/"                   ,"13"
"/01/"                         ,"13"
"/detail/"                     ,"12"
"/template/","12"
"/15/","12"
"/sys/"                        ,"12"
"/font-awesome/"               ,"12"
"/services/"                   ,"12"
"/system/"                     ,"12"
"/utils/","12"
"/verify/"                     ,"12"
"/16/"                         ,"12"
"/06/","12"
"/b/"                          ,"12"
"/client/"                     ,"12"
"/24/","12"
"/new/"                        ,"12"
"/coupon/"                     ,"12"
"/zh_CN/","12"
"/feed/"                       ,"11"
"/site/"                       ,"11"
"/address/"                    ,"11"
"/cookie/","11"
"/zhyzzt/"                     ,"11"
"/30/"                         ,"11"
"/info/"                       ,"11"
"/javascript/"                 ,"11"
"/release/","11"
"/aweme/"                      ,"11"
"/front/"                      ,"11"
"/msg/"                        ,"11"
"/18/","11"
"/27/"                         ,"11"
"/www/"                        ,"11"
"/core/"                       ,"11"
"/imgs/","11"
"/module/"                     ,"11"
"/popupservice/"               ,"11"
"/2015/"                       ,"11"
"/shopping/","11"
"/i3/"                         ,"11"
"/2016/"                       ,"11"
"/stat/","11"
"/recommend/"                  ,"11"
"/i4/","11"
"/about/"                      ,"11"
"/i1/","11"
"/support/","10"
"/23/"                         ,"10"
"/g/"                          ,"10"
"/d/","10"
"/9/"                          ,"10"
"/19/"                         ,"10"
"/biz/","10"
"/configuration/"              ,"10"
"/14/"                         ,"10"
"/shop/"                       ,"10"
"/ies/"                        ,"10"
"/05/"                         ,"10"
"/loginnum/"                   ,"10"
"/1.0/"                        ,"10"
"/map/"                        ,"10"
"/pay/"                        ,"10"
"/ws/"                         ,"10"
"/userType/"                   ,"10"
"/sdk/","10"
"/servlet/","10"
"/id/"                         ,"10"
"/yhwdxxsl/"                   ,"10"
"/blue/"                       ,"10"
"/json/"                       ,"10"
"/report/"                     ,"10"
"/1.0.1/"                      ,"10"
"/201903/"                     ,"10"
"/collect/"                    ,"10"
"/entry/"                      ,"9"
"/doc/"                        ,"9"
"/article/"                    ,"9"
"/25/"                         ,"9"
"/t1/"                         ,"9"
"/26/"                         ,"9"
"/v5/"                         ,"9"
"/apps/","9"
"/pubinfo/","9"
"/1.0.0/","9"
"/bank/"                       ,"9"
"/speed/"                      ,"9"
"/logo/"                       ,"9"
"/partner/"                    ,"9"
"/document/"                   ,"9"
"/jfs/"                        ,"9"
"/switch/"                     ,"9"
"/footer/"                     ,"9"
"/babel/","9"
"/password/"                   ,"9"
"/i18n/"                       ,"9"
"/mmhead/","9"
"/cn/"                         ,"9"
"/msgcenter/"                  ,"9"
"/shared/"                     ,"9"
"/svg/"                        ,"9"
"/21/","9"
"/source/"                     ,"9"
"/components/"                 ,"9"
"/201906/"                     ,"9"
"/dashboard/"                  ,"8"
"/cdn/"                        ,"8"
"/201810/"                     ,"8"
"/pubNumService/"              ,"8"
"/bbs/"                        ,"8"
"/nmsw/"                       ,"8"
"/dialog/"                     ,"8"
"/apply/"                      ,"8"
"/views/"                      ,"8"
"/red/"                        ,"8"
"/ucas/","8"
"/setting/"                    ,"8"
"/device/","8"
"/docs/"                       ,"8"
"/token/"                      ,"8"
"/cart/"                       ,"8"
"/oauth2/"                     ,"8"
"/pmc/"                        ,"8"
"/ver_1/"                      ,"8"
"/mall/","8"
"/include/","8"
"/firefox/"                    ,"8"
"/E/","8"
"/201904/","8"
"/mobilecms/"                  ,"8"
"/logos/"                      ,"8"
"/wp-content/"                 ,"8"
"/shell/"                      ,"8"
"/nav/","8"
"/entryword/"                  ,"8"
"/datepicker/"                 ,"8"
"/201808/"                     ,"8"
"/tools/"                      ,"8"
"/post/"                       ,"8"
"/lufax-components/"           ,"8"
"/tpl/"                        ,"8"
"/floatingLayer/"              ,"8"
"/products/"                   ,"8"
"/22/"                         ,"8"
"/top/"                        ,"8"
"/thumb/"                      ,"7"
"/iconfont/"                   ,"7"
"/201901/"                     ,"7"
"/seller/"                     ,"7"
"/ico/"                        ,"7"
"/zepto/","7"
"/offpic_new/"                 ,"7"
"/event/"                      ,"7"
"/uploadFiles/","7"
"/monitor/"                    ,"7"
"/build/"                      ,"7"
"/wcm-images/"                 ,"7"
"/bWAPP/"                      ,"7"
"/game/"                       ,"7"
"/third-party/"                ,"7"
"/png/"                        ,"7"
"/bg/"                         ,"7"
"/xhtml/","7"
"/menu/"                       ,"7"
"/underscore/"                 ,"7"
"/extension/","7"
"/2.0/"                        ,"7"
"/whyGreen/","7"
"/echarts/"                    ,"7"
"/customer/"                   ,"7"
"/accounts/","7"
"/201811/"                     ,"7"
"/external/"                   ,"7"
"/stylesheets/"                ,"7"
"/wap/"                        ,"7"
"/s380x300_jfs/"               ,"7"
"/locale/","7"
"/course/"                     ,"7"
"/sofpro/"                     ,"7"
"/pop/","7"
"/comment/"                    ,"7"
"/F/"                          ,"7"
"/category/"                   ,"7"
"/ad/"                         ,"7"
"/frame/"                      ,"7"
"/sc/","7"
"/ucenter/"                    ,"7"
"/201905/"                     ,"7"
"/settings/"                   ,"7"
"/poi/"                        ,"7"
"/v6/"                         ,"7"
"/group/"                      ,"7"
"/promo/"                      ,"7"
"/my/"                         ,"7"
"/crypto/"                     ,"7"
"/prod/"                       ,"7"
"/wx/"                         ,"7"
"/posts/"                      ,"6"
"/package/"                    ,"6"
"/syncinfo/"                   ,"6"
"/release2/"                   ,"6"
"/w/"                          ,"6"
"/cashdesk/"                   ,"6"
"/platform/"                   ,"6"
"/amdc/"                       ,"6"
"/scs/"                        ,"6"
"/hotel/"                      ,"6"
"/38/"                         ,"6"
"/pub/"                        ,"6"
"/ss/"                         ,"6"
"/tag/"                        ,"6"
"/bmyyqt/"                     ,"6"
"/seajs/"                      ,"6"
"/ueditor/"                    ,"6"
"/online/"                     ,"6"
"/dep/"                        ,"6"
"/webapp/"                     ,"6"
"/get/"                        ,"6"
"/tab/"                        ,"6"
"/live/"                       ,"6"
"/area/"                       ,"6"
"/question/"                   ,"6"
"/deal/"                       ,"6"
"/201809/"                     ,"6"
"/s300x300_jfs/","6"
"/1.0.2/"                      ,"6"
"/ct=zgms/","6"
"/usercenter/","6"
"/720x720/"                    ,"6"
"/categorylist/"               ,"6"
"/Interface/"                  ,"6"
"/comm/","6"
"/tree/"                       ,"6"
"/edit/"                       ,"6"
"/analysis/"                   ,"6"
"/t/"                          ,"6"
"/zTreeStyle/"                 ,"6"
"/maps/"                       ,"6"
"/v0/"                         ,"6"
"/com/"                        ,"6"
"/favicon/"                    ,"6"
"/v/"                          ,"6"
"/library/"                    ,"6"
"/rank/"                       ,"6"
"/2d/"                         ,"6"
"/d=1/"                        ,"6"
"/version/"                    ,"6"
"/framework/"                  ,"6"
"/uploadfile/"                 ,"6"
"/201907/"                     ,"6"
"/uc/"                         ,"6"
"/70.0.1/"                     ,"6"
"/gallery/","6"
"/task/"                       ,"6"
"/x/"                          ,"6"
"/fe/"                         ,"6"
"/chat/"                       ,"6"
"/gw/","6"
"/n1/"                         ,"6"
"/index.php/"                  ,"6"
"/layui/"                      ,"6"
"/misc/"                       ,"6"
"/20191028/"                   ,"6"
"/push/"                       ,"6"
"/slide/"                      ,"6"
"/36/","6"
"/cache/","6"
"/obj/"                        ,"6"
"/templates/"                  ,"6"
"/show/"                       ,"6"
"/2.0.0/"                      ,"6"
"/projects/"                   ,"6"
"/am/"                         ,"6"
"/attachment/","6"
"/cert/"                       ,"6"
"/s240x240_jfs/","6"
"/other/","6"
"/L/"                          ,"5"
"/extensions/"                 ,"5"
"/passenger/","5"
"/=/","5"
"/lufax-public/","5"
"/ed=1/"                       ,"5"
"/personal/","5"
"/28236/","5"
"/crm/"                        ,"5"
"/oauth/"                      ,"5"
"/IM/","5"
"/chrome_component/"           ,"5"
"/banners/"                    ,"5"
"/37/","5"
"/s120x76_jfs/"                ,"5"
"/s370x370_jfs/"               ,"5"
"/mail/"                       ,"5"
"/recharge/"                   ,"5"
"/evalpic/","5"
"/count/","5"
"/host/"                       ,"5"
"/0.2.0/"                      ,"5"
"/en-us/"                      ,"5"
"/tpxw/"                       ,"5"
"/sprite/"                     ,"5"
"/php/"                        ,"5"
"/67.0.2/"                     ,"5"
"/imgextra/"                   ,"5"
"/159/"                        ,"5"
"/business/"                   ,"5"
"/productDetail/","5"
"/topic/"                      ,"5"
"/ugc/"                        ,"5"
"/gift/"                       ,"5"
"/pagead/"                     ,"5"
"/dialogs/"                    ,"5"
"/guangzhou/"                  ,"5"
"/vip/"                        ,"5"
"/market/","5"
"/100x100/"                    ,"5"
"/2303/"                       ,"5"
"/s405x405_jfs/"               ,"5"
"/kissy/"                      ,"5"
"/s1180x940_jfs/"              ,"5"
"/reg/"                        ,"5"
"/phoenix/"                    ,"5"
"/material/"                   ,"5"
"/prd/"                        ,"5"
"/swiper/","5"
"/25053/"                      ,"5"
"/110/"                        ,"5"
"/z/"                          ,"5"
"/gateway/"                    ,"5"
"/thumbnail/"                  ,"5"
"/releases/"                   ,"5"
"/cashier/"                    ,"5"
"/jsp/"                        ,"5"
"/transfer/"                   ,"5"
"/payment/","5"
"/handler/"                    ,"5"
"/contact/"                    ,"5"
"/form/"                       ,"5"
"/promotion/"                  ,"5"
"/90/"                         ,"5"
"/payfe/"                      ,"5"
"/vue/"                        ,"5"
"/server/","5"
"/statistic/"                  ,"5"
"/internal/"                   ,"5"
"/tags/"                       ,"5"
"/center/"                     ,"5"
"/editor/"                     ,"5"
"/buttons/"                    ,"5"
"/calendar/"                   ,"5"
"/5c1bb4e9E5016a61e/"          ,"5"
"/34/"                         ,"5"
"/portrait/","5"
"/update2/"                    ,"5"
"/applications/"               ,"5"
"/responsive/"                 ,"5"
"/64/"                         ,"5"
"/general/","5"
"/large/"                      ,"5"
"/unpay_remind/"               ,"5"
"/stable/","5"
"/TEMP/"                       ,"5"
"/dm/"                         ,"5"
"/connect/"                    ,"5"
"/n2/"                         ,"5"
"/66.0.5/"                     ,"5"
"/htmledition/"                ,"5"
"/ads/"                        ,"5"
"/points/"                     ,"5"
"/laydate/","4"
"/117/"                        ,"4"
"/codemirror/"                 ,"4"
"/table/"                      ,"4"
"/v1.0/"                       ,"4"
"/moment/","4"
"/2014/"                       ,"4"
"/conf/"                       ,"4"
"/dologin/"                    ,"4"
"/setup/"                      ,"4"
"/c3-6454d7/"                  ,"4"
"/e1-a50eee/"                  ,"4"
"/weixin/"                     ,"4"
"/subaccount/"                 ,"4"
"/location/"                   ,"4"
"/record/"                     ,"4"
"/201709/"                     ,"4"
"/e0-3c9860/"                  ,"4"
"/avatars/","4"
"/latest/","4"
"/dc-7e9864/","4"
"/6ONWsjip0QIZ8tyhnq/","4"
"/39/"                         ,"4"
"/api2/"                       ,"4"
"/MozillaOnline/"              ,"4"
"/ca-40b7b0/"                  ,"4"
"/171/"                        ,"4"
"/20190603/","4"
"/url/"                        ,"4"
"/events/"                     ,"4"
"/popups/"                     ,"4"
"/jdphoto/"                    ,"4"
"/downContent/"                ,"4"
"/@/"                          ,"4"
"/polyfill/"                   ,"4"
"/webuploader/"                ,"4"
"/66.0.2/","4"
"/face/"                       ,"4"
"/Sns/"                        ,"4"
"/upgrade/"                    ,"4"
"/wp/"                         ,"4"
"/infopub/"                    ,"4"
"/xdispatch7855655a0e777e3b/"  ,"4"
"/4.7.0/"                      ,"4"
"/a4-34de62/"                  ,"4"
"/lumi/"                       ,"4"
"/coremail/"                   ,"4"
"/51/","4"
"/insurance/"                  ,"4"
"/vector/"                     ,"4"
"/fingerprint/"                ,"4"
"/housing/"                    ,"4"
"/ztree/"                      ,"4"
"/46-be1318/"                  ,"4"
"/jssdk/"                      ,"4"
"/slick/","4"
"/cm/"                         ,"4"
"/ltePortal/"                  ,"4"
"/vulhub/"                     ,"4"
"/trans/"                      ,"4"
"/active/"                     ,"4"
"/33-abe4df/","4"
"/db-bc0148/"                  ,"4"
"/1.0.4/"                      ,"4"
"/owa/"                        ,"4"
"/faq/"                        ,"4"
"/229_160_100/"                ,"4"
"/angular/","4"
"/2874364268/"                 ,"4"
"/status/"                     ,"4"
"/tile/"                       ,"4"
"/trade/"                      ,"4"
"/iam/"                        ,"4"
"/185/"                        ,"4"
"/socket.io/"                  ,"4"
"/uploadify/"                  ,"4"
"/s280x280_jfs/"               ,"4"
"/1.1.5/"                      ,"4"
"/pwd/"                        ,"4"
"/f0-251fe2/","4"
"/fd/","4"
"/recaptcha/"                  ,"4"
"/join/"                       ,"4"
"/78-4c7d22/"                  ,"4"
"/trace/"                      ,"4"
"/7e-cda2d3/"                  ,"4"
"/profiles/"                   ,"4"
"/sdm/"                        ,"4"
"/40/"                         ,"4"
"/.git/"                       ,"4"
"/63-077520/","4"
"/note/"                       ,"4"
"/ucsl/"                       ,"4"
"/checklogin/"                 ,"4"
"/196/","4"
"/exchange/"                   ,"4"
"/yeb/"                        ,"4"
"/jijin/"                      ,"4"
"/0.1.0/"                      ,"4"
"/sprites/"                    ,"4"
"/step/"                       ,"4"
"/invoke/"                     ,"4"
"/168/"                        ,"4"
"/67.0/"                       ,"4"
"/bc/","4"
"/action/"                     ,"4"
"/cd-23d3b0/"                  ,"4"
"/65.0.2/"                     ,"4"
"/oa/","4"
"/staff/"                      ,"4"
"/6d-1e7ed0/"                  ,"4"
"/de-099401/"                  ,"4"
"/e7-954872/"                  ,"4"
"/o/","4"
"/safe/"                       ,"4"
"/dists/"                      ,"4"
"/77-04a268/"                  ,"4"
"/highlight/"                  ,"4"
"/201807/"                     ,"4"
"/agreement/"                  ,"4"
"/rohr/"                       ,"4"
"/50/"                         ,"4"
"/withdraw/"                   ,"4"
"/72/"                         ,"4"
"/123/"                        ,"4"
"/mq/","4"
"/reader/"                     ,"4"
"/mac/"                        ,"4"
"/pictures/"                   ,"4"
"/ebooking/"                   ,"4"
"/1f-100dea/"                  ,"4"
"/lightart/"                   ,"4"
"/secure/"                     ,"4"
"/dom/"                        ,"4"
"/feedback/"                   ,"4"
"/play/"                       ,"4"
"/profile/"                    ,"4"
"/ams/"                        ,"4"
"/v9-dy-y.ixigua.com/"         ,"4"
"/bs/"                         ,"4"
"/newBigList/"                 ,"4"
"/4e-ee3a55/"                  ,"4"
"/bar/"                        ,"4"
"/amd_modules/"                ,"4"
"/1.0.6/"                      ,"4"
"/eweb/"                       ,"4"
"/listing/"                    ,"4"
"/third-js/"                   ,"4"
"/videos/"                     ,"4"
"/access/"                     ,"4"
"/twitter-bootstrap/"          ,"4"
"/20190604/"                   ,"4"
"/89/"                         ,"4"
"/iscroll/"                    ,"4"
"/templateContent/"            ,"4"
"/select2/"                    ,"4"
"/themes=default/"             ,"4"
"/myapp/"                      ,"4"
"/ac/"                         ,"4"
"/openapi/"                    ,"4"
"/1.1/"                        ,"4"
"/c0-247156/"                  ,"4"
"/ace/"                        ,"4"
"/66.0.3/"                     ,"4"
"/sweetalert/"                 ,"4"
"/_static/","4"
"/b7-cadaa7/"                  ,"4"
"/agentjs/"                    ,"4"
"/91-97a04f/"                  ,"4"
"/1.1.2/","4"
"/54-af9f9f/"                  ,"4"
"/validate/"                   ,"4"
"/vendors/"                    ,"4"
"/79-499886/"                  ,"4"
"/require/"                    ,"4"
"/eb/"                         ,"4"
"/_scrf/"                      ,"4"
"/current/"                    ,"4"
"/city/"                       ,"4"
"/wp-includes/"                ,"4"
"/70/"                         ,"4"
"/93-283c2d/"                  ,"4"
"/f9-7592d3/"                  ,"4"
"/v9/"                         ,"4"
"/46/"                         ,"4"
"/protocol/"                   ,"4"
"/1.0.7/"                      ,"4"
"/sec-info/"                   ,"4"
"/fav/"                        ,"4"
"/raw/"                        ,"4"
"/findpwd/"                    ,"4"
"/33/"                         ,"4"
"/92-10345d/"                  ,"4"
"/owl/"                        ,"4"
"/3.3.7/"                      ,"4"
"/32/"                         ,"4"
"/gold/"                       ,"4"
"/brand/","4"
"/history/"                    ,"4"
"/our-js/"                     ,"4"
"/guide/"                      ,"4"
"/3.1.0/"                      ,"4"
"/78/"                         ,"4"
"/abtest/"                     ,"4"
"/d8-97d509/","4"
"/beacon/"                     ,"4"
"/3e-f5c39b/"                  ,"4"
"/sign/"                       ,"4"
"/201806/"                     ,"4"
"/63/"                         ,"4"
"/ies-music/"                  ,"3"
"/menus/"                      ,"3"
"/191/","3"
"/odp/"                        ,"3"
"/rt=j/"                       ,"3"
"/save/"                       ,"3"
"/demo/"                       ,"3"
"/1.3.0/"                      ,"3"
"/gt/"                         ,"3"
"/javascripts/"                ,"3"
"/picasso/"                    ,"3"
"/sidebar/"                    ,"3"
"/slider/"                     ,"3"
"/CVE-2019-6116/"              ,"3"
"/rqd/"                        ,"3"
"/Darwin%2018.6.0/"            ,"3"
"/1.0.8/"                      ,"3"
"/bigdata/"                    ,"3"
"/ANrcqf-u-0tl_1.3.34.7/"      ,"3"
"/5cbc5981/"                   ,"3"
"/music/"                      ,"3"
"/101/"                        ,"3"
"/drt/"                        ,"3"
"/cas/"                        ,"3"
"/20181212/"                   ,"3"
"/identity/"                   ,"3"
"/4e-bb306d/"                  ,"3"
"/20190409/"                   ,"3"
"/userportal/"                 ,"3"
"/5cbc596a/"                   ,"3"
"/947510/"                     ,"3"
"/58/"                         ,"3"
"/134/"                        ,"3"
"/appstore/"                   ,"3"
"/201801/"                     ,"3"
"/201812/"                     ,"3"
"/node/","3"
"/kb/"                         ,"3"
"/META-INF/"                   ,"3"
"/language/"                   ,"3"
"/userheadpic/"                ,"3"
"/202/"                        ,"3"
"/investorProperly/"           ,"3"
"/movie/"                      ,"3"
"/214/"                        ,"3"
"/branding/"                   ,"3"
"/busi-js/"                    ,"3"
"/timeline/","3"
"/1005340584/"                 ,"3"
"/a9-963a11/"                  ,"3"
"/network/"                    ,"3"
"/32-6dafa3/"                  ,"3"
"/http:/"                      ,"3"
"/me/"                         ,"3"
"/20190326175229/"             ,"3"
"/da/"                         ,"3"
"/lbo/"                        ,"3"
"/safebrowsing/"               ,"3"
"/loading/"                    ,"3"
"/patch/"                      ,"3"
"/mxlab/"                      ,"3"
"/joymerchant/"                ,"3"
"/refreshtime/","3"
"/autocomplete/"               ,"3"
"/adsid/"                      ,"3"
"/labs/"                       ,"3"
"/spi/"                        ,"3"
"/wizard/","3"
"/iphone/","3"
"/app-home-design-peon/"       ,"3"
"/items/"                      ,"3"
"/validator/"                  ,"3"
"/fd-fe-web/"                  ,"3"
"/132/"                        ,"3"
"/controller/"                 ,"3"
"/apush/"                      ,"3"
"/jquery-ui/"                  ,"3"
"/signin/"                     ,"3"
"/challenge/"                  ,"3"
"/68.0.1/"                     ,"3"
"/mis/"                        ,"3"
"/ghostscript/"                ,"3"
"/fcgi-bin/"                   ,"3"
"/75-71ddfc/"                  ,"3"
"/logout/"                     ,"3"
"/ark/"                        ,"3"
"/epassport/"                  ,"3"
"/1d-9730ee/"                  ,"3"
"/tb/"                         ,"3"
"/126/"                        ,"3"
"/sync/"                       ,"3"
"/dpgroup/"                    ,"3"
"/viewer/"                     ,"3"
"/relationwxpic/"              ,"3"
"/platforms/"                  ,"3"
"/translate/"                  ,"3"
"/rgn/"                        ,"3"
"/2019.10/"                    ,"3"
"/wedding/","3"
"/20190416/"                   ,"3"
"/startup/"                    ,"3"
"/ewebeditor/"                 ,"3"
"/5cbc596e/"                   ,"3"
"/mp/"                         ,"3"
"/groups/"                     ,"3"
"/9f-d154ca/"                  ,"3"
"/placeholder/"                ,"3"
"/node_modules/","3"
"/820/"                        ,"3"
"/widgets/","3"
"/20190605/"                   ,"3"
"/2.0.2/"                      ,"3"
"/1.2.1/"                      ,"3"
"/jqgrid/"                     ,"3"
"/62/"                         ,"3"
"/uic/"                        ,"3"
"/193/"                        ,"3"
"/20190531/"                   ,"3"
"/20190722/"                   ,"3"
"/model/"                      ,"3"
"/temai/"                      ,"3"
"/10-aee09b/"                  ,"3"
"/server_edit/"                ,"3"
"/@baidu/"                     ,"3"
"/zebra-dialog/","3"
"/add/"                        ,"3"
"/66.0.4/"                     ,"3"
"/design/"                     ,"3"
"/1.4.1/"                      ,"3"
"/mwf/"                        ,"3"
"/Counter/"                    ,"3"
"/signUp/"                     ,"3"
"/sjst.fe.erp-lfs/"            ,"3"
"/sm/"                         ,"3"
"/kfcios/"                     ,"3"
"/20190225143501/"             ,"3"
"/111/","3"
"/merchant/"                   ,"3"
"/20190516215225/"             ,"3"
"/20191030021342/"             ,"3"
"/91/"                         ,"3"
"/commons/"                    ,"3"
"/tfs/"                        ,"3"
"/react/"                      ,"3"
"/logs/"                       ,"3"
"/bx/"                         ,"3"
"/contract/"                   ,"3"
"/mywallet/"                   ,"3"
"/174/"                        ,"3"
"/179/"                        ,"3"
"/fp/"                         ,"3"
"/keyboard/"                   ,"3"
"/pro/"                        ,"3"
"/west-european/","3"
"/201910/"                     ,"3"
"/codeman/"                    ,"3"
"/diagnostics/"                ,"3"
"/test/"                       ,"3"
"/2x/"                         ,"3"
"/hf/"                         ,"3"
"/lufax-lib/"                  ,"3"
"/cp/","3"
"/Authentication/"             ,"3"
"/admin_login/"                ,"3"
"/003/"                        ,"3"
"/umscript/"                   ,"3"
"/knb/"                        ,"3"
"/en_US/"                      ,"3"
"/Darwin%2018.5.0/"            ,"3"
"/289070/"                     ,"3"
"/google/"                     ,"3"
"/157/"                        ,"3"
"/apk/"                        ,"3"
"/locate/"                     ,"3"
"/vmware/"                     ,"3"
"/0.0.5/","3"
"/109/","3"
"/001/"                        ,"3"
"/bao/","3"
"/20190607204818/"             ,"3"
"/119/"                        ,"3"
"/2004-03-16/"                 ,"3"
"/common-assets/"              ,"3"
"/tenant/"                     ,"3"
"/201304/"                     ,"3"
"/43/"                         ,"3"
"/acc/"                        ,"3"
"/kaptcha/"                    ,"3"
"/chrome/"                     ,"3"
"/unread/"                     ,"3"
"/getrsakey/"                  ,"3"
"/2.0.1/"                      ,"3"
"/sale/"                       ,"3"
"/1.11.3/"                     ,"3"
"/select/"                     ,"3"
"/approve/"                    ,"3"
"/zebra/","3"
"/simpleboot3/","3"
"/cc/"                         ,"3"
"/addons/"                     ,"3"
"/000/"                        ,"3"
"/risk/"                       ,"3"
"/offline/"                    ,"3"
"/intro/","3"
"/comments/"                   ,"3"
"/dictionary/","3"
"/220/"                        ,"3"
"/Loo/"                        ,"3"
"/n/"                          ,"3"
"/card/"                       ,"3"
"/jsb/"                        ,"3"
"/track/"                      ,"3"
"/social/"                     ,"3"
"/gis/"                        ,"3"
"/wsdSmart/"                   ,"3"
"/dept/"                       ,"3"
"/facade/"                     ,"3"
"/display/"                    ,"3"
"/artDialog/"                  ,"3"
"/capital/","3"
"/17421/"                      ,"3"
"/points_mall/"                ,"3"
"/20190507012018/"             ,"3"
"/1.1.0/"                      ,"3"
"/antBridge/"                  ,"3"
"/storage/"                    ,"3"
"/ip/"                         ,"3"
"/1.7.2/"                      ,"3"
"/tip/"                        ,"3"
"/toolbar/"                    ,"3"
"/voice/"                      ,"3"
"/201711/"                     ,"3"
"/travelcube/"                 ,"3"
"/forum/"                      ,"3"
"/webapi/"                     ,"3"
"/49/","3"
"/b1/"                         ,"3"
"/35/"                         ,"3"
"/51-465167/"                  ,"3"
"/windows/"                    ,"3"
"/Darwin%2019.0.0/"            ,"3"
"/provPortal/","3"
"/bill/"                       ,"3"
"/v2.0/"                       ,"3"
"/button/"                     ,"3"
"/personalCenter/"             ,"3"
"/172/"                        ,"3"
"/House/"                      ,"3"
"/af/"                         ,"3"
"/20190409155332/"             ,"3"
"/chunks/"                     ,"3"
"/051/","3"
"/goods/"                      ,"3"
"/invoice/"                    ,"3"
"/1.5.9/","3"
"/down_contents/"              ,"3"
"/WEB-INF/"                    ,"3"
"/min/"                        ,"3"
"/116/"                        ,"3"
"/j/"                          ,"3"
"/serviceCenter/","3"
"/@searchfe/"                  ,"3"
"/42885168/"                   ,"3"
"/visit/"                      ,"3"
"/e9-4413b1/"                  ,"3"
"/act/"                        ,"3"
"/kindeditor/"                 ,"3"
"/batch/"                      ,"3"
"/go/"                         ,"3"
"/link/"                       ,"3"
"/lottery/"                    ,"3"
"/170/"                        ,"3"
"/as/"                         ,"3"
"/7f-652c90/"                  ,"3"
"/master/"                     ,"3"
"/_u/","3"
"/embed/"                      ,"3"
"/gd/"                         ,"3"
"/cloan/"                      ,"3"
"/init/"                       ,"3"
"/1.1.4/","3"
"/3.0/"                        ,"3"
"/dvwa/"                       ,"3"
"/e4-8302f6/"                  ,"3"
"/en/","3"
"/lab/"                        ,"3"
"/41/"                         ,"3"
"/head/"                       ,"3"
"/136/"                        ,"3"
"/tips/"                       ,"3"
"/clients/"                    ,"3"
"/Darwin_x86_64-gcc3/"         ,"3"
"/lay/"                        ,"3"
"/pace/"                       ,"3"
"/passApi/"                    ,"3"
"/translate_a/"                ,"3"
"/membership/"                 ,"3"
"/product_image/"              ,"3"
"/ksdk/"                       ,"3"
"/env/"                        ,"3"
"/Darwin%2018.2.0/"            ,"3"
"/Sample/"                     ,"3"
"/71/"                         ,"3"
"/vulnerabilities/"            ,"3"
"/cube/"                       ,"3"
"/uba/"                        ,"3"
"/rmsportal/"                  ,"3"
"/20190404/"                   ,"3"
"/workbench/"                  ,"3"
"/userinfo/"                   ,"3"
"/animate/"                    ,"3"
"/wzdt/"                       ,"3"
"/100/"                        ,"3"
"/broadcast/"                  ,"3"
"/zeroclipboard/"              ,"3"
"/touch/"                      ,"3"
"/academy/"                    ,"3"
"/0.0.3/"                      ,"3"
"/notifications/"              ,"3"
"/chart/"                      ,"3"
"/messages/"                   ,"3"
"/production/"                 ,"3"
"/enterprise/"                 ,"3"
"/software/"                   ,"3"
"/WhiteHat/"                   ,"3"
"/707338462/"                  ,"3"
"/searchbox/"                  ,"3"
"/166/"                        ,"3"
"/dxmuc/"                      ,"3"
"/manage/","3"
"/risk-verify/"                ,"3"
"/merge/"                      ,"3"
"/198/"                        ,"3"
"/intl/"                       ,"3"
"/dict/","3"
"/msc/"                        ,"3"
"/phdimall/"                   ,"3"
"/simditor/"                   ,"3"
"/153/"                        ,"3"
"/uploaded/","3"
"/getData/"                    ,"3"
"/115/"                        ,"3"
"/iphoenix/"                   ,"3"
"/TD/"                         ,"3"
"/logstores/"                  ,"3"
"/165/"                        ,"3"
"/zhuanti/"                    ,"3"
"/ebk/"                        ,"3"
"/chair-request/"              ,"2"
"/B4/"                         ,"2"
"/websocket/"                  ,"2"
"/20190505/"                   ,"2"
"/8788bbb1216021d1/"           ,"2"
"/wireless/"                   ,"2"
"/operation_flow/"             ,"2"
"/bin/"                        ,"2"
"/v20/"                        ,"2"
"/submit/"                     ,"2"
"/quinn/"                      ,"2"
"/btn/"                        ,"2"
"/hfe-assets/"                 ,"2"
"/navigator/"                  ,"2"
"/call/"                       ,"2"
"/fintech/"                    ,"2"
"/play-apps-download-default/" ,"2"
"/easydropdown/"               ,"2"
"/travel/"                     ,"2"
"/point/"                      ,"2"
"/normal/"                     ,"2"
"/admin_simpleboot3/"          ,"2"
"/npfMob/"                     ,"2"
"/IE11/"                       ,"2"
"/knight/"                     ,"2"
"/employee/"                   ,"2"
"/window/"                     ,"2"
"/esui/"                       ,"2"
"/2.1.0/"                      ,"2"
"/statement/"                  ,"2"
"/examples/","2"
"/qd/"                         ,"2"
"/brwext/"                     ,"2"
"/favor/"                      ,"2"
"/vcloud1022.tc.qq.com/"       ,"2"
"/app_alert/"                  ,"2"
"/myJd/"                       ,"2"
"/archives/"                   ,"2"
"/homefeed/"                   ,"2"
"/crop.0.0.180.180.50/","2"
"/jsonp/"                      ,"2"
"/warden/"                     ,"2"
"/activities/"                 ,"2"
"/sl/"                         ,"2"
"/frontend/"                   ,"2"
"/~da/"                        ,"2"
"/00107361/"                   ,"2"
"/check/"                      ,"2"
"/umoney/"                     ,"2"
"/359/"                        ,"2"
"/routes/"                     ,"2"
"/chunk/"                      ,"2"
"/upcb/","2"
"/properties/"                 ,"2"
"/eservice/"                   ,"2"
"/20190801/"                   ,"2"
"/clusters/"                   ,"2"
"/mmcrhead/"                   ,"2"
"/1.0.5/"                      ,"2"
"/inslife/"                    ,"2"
"/debug/"                      ,"2"
"/5cbc5526/"                   ,"2"
"/gonggaoZFCG/"                ,"2"
"/55/"                         ,"2"
"/developer/","2"
"/295/"                        ,"2"
"/groupbackwebimage/"          ,"2"
"/1.5.4/"                      ,"2"
"/qq_desk/"                    ,"2"
"/stylesheet/"                 ,"2"
"/msite/"                      ,"2"
"/98/"                         ,"2"
"/complete/"                   ,"2"
"/handlebars/"                 ,"2"
"/consume/"                    ,"2"
"/xzzx/"                       ,"2"
"/vi_32/"                      ,"2"
"/hole/"                       ,"2"
"/findPassword/","2"
"/+CSCOE+/"                    ,"2"
"/pl/"                         ,"2"
"/csc-pc-static/"              ,"2"
"/k/"                          ,"2"
"/uab/"                        ,"2"
"/webjars/"                    ,"2"
"/custom_admin_login/"         ,"2"
"/65/"                         ,"2"
"/20190728/"                   ,"2"
"/indexlog/"                   ,"2"
"/1.0.3/"                      ,"2"
"/inputtools/"                 ,"2"
"/2.4.19/"                     ,"2"
"/scriptaculous/"              ,"2"
"/v1561357937155/"             ,"2"
"/20006/"                      ,"2"
"/f211480/"                    ,"2"
"/local/"                      ,"2"
"/201504/"                     ,"2"
"/h5_app/"                     ,"2"
"/3.3.1/"                      ,"2"
"/201611/"                     ,"2"
"/cool/"                       ,"2"
"/yoda/"                       ,"2"
"/coupons/"                    ,"2"
"/financing/"                  ,"2"
"/2018-08-09/"                 ,"2"
"/1806931213/"                 ,"2"
"/cf/"                         ,"2"
"/RiskManagement/"             ,"2"
"/customers/"                  ,"2"
"/504/","2"
"/20190529/"                   ,"2"
"/88737/"                      ,"2"
"/project_id/"                 ,"2"
"/SPManage/"                   ,"2"
"/index2017/"                  ,"2"
"/behavior/"                   ,"2"
"/orderQuery/"                 ,"2"
"/2.3.1/"                      ,"2"
"/1.1.8/"                      ,"2"
"/colorpicker/"                ,"2"
"/introduction/"               ,"2"
"/1.4.2/"                      ,"2"
"/page_nav/"                   ,"2"
"/dicts/"                      ,"2"
"/appicons/"                   ,"2"
"/TideSec/"                    ,"2"
"/302/"                        ,"2"
"/draw-menu/"                  ,"2"
"/highslide/"                  ,"2"
"/m-verify/"                   ,"2"
"/artTemplate/"                ,"2"
"/hotel-fe-ebooking/"          ,"2"
"/attachments/"                ,"2"
"/tracker/"                    ,"2"
"/180/"                        ,"2"
"/sjstpic/","2"
"/md5/"                        ,"2"
"/channels/"                   ,"2"
"/4964/"                       ,"2"
"/role/"                       ,"2"
"/merchantpic/"                ,"2"
"/192/"                        ,"2"
"/runtime/"                    ,"2"
"/OP/"                         ,"2"
"/s260x260_jfs/"               ,"2"
"/1-0/"                        ,"2"
"/mobileService/"              ,"2"
"/collection/"                 ,"2"
"/statistic-sdc/"              ,"2"
"/2000000066/"                 ,"2"
"/graphics/"                   ,"2"
"/298/"                        ,"2"
"/passwordMgr/"                ,"2"
"/xueyuan/"                    ,"2"
"/mweb/"                       ,"2"
"/pdcvis/"                     ,"2"
"/AboutXinfa/"                 ,"2"
"/remote/"                     ,"2"
"/cprod/","2"
"/newmusic/"                   ,"2"
"/243/"                        ,"2"
"/juicer/"                     ,"2"
"/trending/"                   ,"2"
"/ad.union.api/"               ,"2"
"/markets/"                    ,"2"
"/css4/"                       ,"2"
"/81/"                         ,"2"
"/0.8.0/"                      ,"2"
"/admin_status/"               ,"2"
"/342/"                        ,"2"
"/188/"                        ,"2"
"/b633ef47958f75d2/"           ,"2"
"/201902/"                     ,"2"
"/agentcenter/"                ,"2"
"/merchandise/"                ,"2"
"/balance/"                    ,"2"
"/88/"                         ,"2"
"/20190626/"                   ,"2"
"/ClientWebService/"           ,"2"
"/useraccount/"                ,"2"
"/20191027/"                   ,"2"
"/CMSImages/"                  ,"2"
"/uss/"                        ,"2"
"/mobileCode/"                 ,"2"
"/2.1/"                        ,"2"
"/1.1.1/"                      ,"2"
"/momin/"                      ,"2"
"/1.3.12/"                     ,"2"
"/www2-login/","2"
"/APmo-x7vrEPj_34/"            ,"2"
"/5cbc5a47/"                   ,"2"
"/appconfig/"                  ,"2"
"/bubble/"                     ,"2"
"/160/"                        ,"2"
"/jc/"                         ,"2"
"/PD190215026549/"             ,"2"
"/dpnewvc/"                    ,"2"
"/tipinside/"                  ,"2"
"/newIcon/"                    ,"2"
"/authopenbduss/"              ,"2"
"/i-zhenguo-activity/"         ,"2"
"/mark/"                       ,"2"
"/005/"                        ,"2"
"/npfMobWeb/"                  ,"2"
"/CheckCode/"                  ,"2"
"/261/"                        ,"2"
"/sms/"                        ,"2"
"/20190430/"                   ,"2"
"/ocx/"                        ,"2"
"/cities/"                     ,"2"
"/5c8227bbE66085fa3/"          ,"2"
"/space/"                      ,"2"
"/s198x178_jfs/"               ,"2"
"/70.0/"                       ,"2"
"/osoa/"                       ,"2"
"/122/"                        ,"2"
"/dg=0/"                       ,"2"
"/57003/"                      ,"2"
"/pass/"                       ,"2"
"/731/"                        ,"2"
"/mstat/"                      ,"2"
"/9854/"                       ,"2"
"/SUPER_APP_FILE_LIB:/"        ,"2"
"/cover/"                      ,"2"
"/account-front/"              ,"2"
"/case/"                       ,"2"
"/mapi/"                       ,"2"
"/fortune/"                    ,"2"
"/admin_bg/"                   ,"2"
"/34-521645/"                  ,"2"
"/webpage/"                    ,"2"
"/af3d636e/"                   ,"2"
"/members/"                    ,"2"
"/267/"                        ,"2"
"/geo/"                        ,"2"
"/product_coupon/"             ,"2"
"/barcode/"                    ,"2"
"/20190613/"                   ,"2"
"/clientapp/"                  ,"2"
"/52/"                         ,"2"
"/20190813/"                   ,"2"
"/mmopen/","2"
"/71.0/"                       ,"2"
"/sdc/"                        ,"2"
"/950445604/"                  ,"2"
"/125/"                        ,"2"
"/4.0.5/"                      ,"2"
"/tencentvideo_v1/"            ,"2"
"/msmerchant/"                 ,"2"
"/gzdt/"                       ,"2"
"/vc/"                         ,"2"
"/163/"                        ,"2"
"/session/"                    ,"2"
"/appupdate/"                  ,"2"
"/myFunds/"                    ,"2"
"/a20190314booking/"           ,"2"
"/C2/"                         ,"2"
"/system_info/","2"
"/arale/"                      ,"2"
"/AAAAAAAAAAI/"                ,"2"
"/235/"                        ,"2"
"/jquery.ui.datepicker/"       ,"2"
"/reports/"                    ,"2"
"/flight_qzz/"                 ,"2"
"/waplib/"                     ,"2"
"/newUserList/","2"
"/_aysn/"                      ,"2"
"/cgit.cgi/"                   ,"2"
"/kbgraphics/"                 ,"2"
"/badges/"                     ,"2"
"/3579/"                       ,"2"
"/87/"                         ,"2"
"/click/"                      ,"2"
"/0807/"                       ,"2"
"/spread/"                     ,"2"
"/work2017/","2"
"/20190730/"                   ,"2"
"/mmbiz_jpg/"                  ,"2"
"/6f848015/"                   ,"2"
"/5cbc5518/"                   ,"2"
"/gonggaoJSGC/"                ,"2"
"/steamcommunity/"             ,"2"
"/121/"                        ,"2"
"/invitation/","2"
"/qqvideo/"                    ,"2"
"/dimension/"                  ,"2"
"/gz/"                         ,"2"
"/themis/"                     ,"2"
"/haikuiopen/"                 ,"2"
"/PD170623023963/"             ,"2"
"/jeecg/"                      ,"2"
"/youku/"                      ,"2"
"/per/"                        ,"2"
"/sharedfiles/"                ,"2"
"/tms/"                        ,"2"
"/201706/"                     ,"2"
"/zero/"                       ,"2"
"/asp/"                        ,"2"
"/hotelInformation/"           ,"2"
"/https/"                      ,"2"
"/cs/"                         ,"2"
"/cfgl/"                       ,"2"
"/por/"                        ,"2"
"/WebGoat/"                    ,"2"
"/notificationBarPermission/"  ,"2"
"/kingpay/"                    ,"2"
"/cydia/"                      ,"2"
"/soft.tbs.imtt.qq.com/"       ,"2"
"/White/","2"
"/og/"                         ,"2"
"/st/"                         ,"2"
"/pweb/"                       ,"2"
"/wt=2/","2"
"/outlines/"                   ,"2"
"/exm=_b,_tp,wmwg8b/"          ,"2"
"/linkfilter/"                 ,"2"
"/strong_beat/"                ,"2"
"/branch/"                     ,"2"
"/SUI/"                        ,"2"
"/XinWenZhongXin/","2"
"/appinfo/"                    ,"2"
"/3.2.2/"                      ,"2"
"/133/"                        ,"2"
"/driver/"                     ,"2"
"/zixun/","2"
"/simpleadmin/","2"
"/man/"                        ,"2"
"/zxzx/"                       ,"2"
"/webcore/"                    ,"2"
"/mdevp/"                      ,"2"
"/497425614/"                  ,"2"
"/webview/"                    ,"2"
"/chinese-simplified/"         ,"2"
"/20190523/"                   ,"2"
"/8cb7d207baa019cc/"           ,"2"
"/beautyimg/"                  ,"2"
"/118/"                        ,"2"
"/LHGZv1DrGkva1jNpUkKFuNFN6oo/","2"
"/bizcache/"                   ,"2"
"/qqconnectopen/"              ,"2"
"/board/"                      ,"2"
"/201204/"                     ,"2"
"/securityMsg/"                ,"2"
"/distributionOfficialWebsite/","2"
"/3.1.0-alpha.4/"              ,"2"
"/built/"                      ,"2"
"/137/"                        ,"2"
"/dragonwell8/"                ,"2"
"/articles/"                   ,"2"
"/dwr/"                        ,"2"
"/rename-appeal/"              ,"2"
"/pim/"                        ,"2"
"/0.0.1/","2"
"/js4/"                        ,"2"
"/waimaidpoipicmining/"        ,"2"
"/ebvpfile/"                   ,"2"
"/policy/"                     ,"2"
"/mcoss/"                      ,"2"
"/changeStatus/"               ,"2"
"/rule/"                       ,"2"
"/label/"                      ,"2"
"/wiseindex/","2"
"/mobilem/"                    ,"2"
"/staticv2/"                   ,"2"
"/205/"                        ,"2"
"/scan/"                       ,"2"
"/1.3.2/"                      ,"2"
"/2011/"                       ,"2"
"/validatecode/"               ,"2"
"/domainless/"                 ,"2"
"/mw1024/"                     ,"2"
"/5a72ade14ed4a03fb016f068/"   ,"2"
"/sync_login/"                 ,"2"
"/top-think/"                  ,"2"
"/abel/"                       ,"2"
"/pics/"                       ,"2"
"/79/"                         ,"2"
"/20180530/"                   ,"2"
"/ht/"                         ,"2"
"/catalog/"                    ,"2"
"/crop.0.0.996.996.50/","2"
"/size/"                       ,"2"
"/authorize/"                  ,"2"
"/css-shop-tag/"               ,"2"
"/type/"                       ,"2"
"/chains/"                     ,"2"
"/full/"                       ,"2"
"/npm/"                        ,"2"
"/afts/"                       ,"2"
"/84f6a6a97ae92468/"           ,"2"
"/smu0/"                       ,"2"
"/20190504212614/"             ,"2"
"/268500/"                     ,"2"
"/spartan/"                    ,"2"
"/20190621/"                   ,"2"
"/2.1.4/"                      ,"2"
"/staticfile/"                 ,"2"
"/writeup/"                    ,"2"
"/delivery/"                   ,"2"
"/93/"                         ,"2"
"/ligerui/"                    ,"2"
"/combo/"                      ,"2"
"/iot/","2"
"/96/"                         ,"2"
"/discovery/"                  ,"2"
"/supplier/"                   ,"2"
"/131/"                        ,"2"
"/throne/"                     ,"2"
"/201601/"                     ,"2"
"/rcsdk/"                      ,"2"
"/buy/"                        ,"2"
"/42/"                         ,"2"
"/settle/"                     ,"2"
"/dpl/"                        ,"2"
"/dsp/"                        ,"2"
"/vod/"                        ,"2"
"/navigation/"                 ,"2"
"/316/"                        ,"2"
"/hplus/"                      ,"2"
"/account-system/"             ,"2"
"/follow/"                     ,"2"
"/translations/"               ,"2"
"/cdn-www.dxmpay.com/"         ,"2"
"/183/"                        ,"2"
"/248/"                        ,"2"
"/web4.0/"                     ,"2"
"/48_48_100/"                  ,"2"
"/webpub/"                     ,"2"
"/npage/"                      ,"2"
"/weiboShow/","2"
"/cippiccenter/"               ,"2"
"/launch/"                     ,"2"
"/69/"                         ,"2"
"/wp-admin/","2"
"/bigcert/"                    ,"2"
"/state/"                      ,"2"
"/p2p_index/"                  ,"2"
"/ext/"                        ,"2"
"/growth/"                     ,"2"
"/qr/"                         ,"2"
"/X8HKtb5_shk_5077/","2"
"/mss/"                        ,"2"
"/questions/"                  ,"2"
"/dpdeal/"                     ,"2"
"/heroes/"                     ,"2"
"/cordova/"                    ,"2"
"/person/"                     ,"2"
"/homeapi/"                    ,"2"
"/relation/"                   ,"2"
"/jquery.validate/"            ,"2"
"/mainlist/"                   ,"2"
"/plan/"                       ,"2"
"/json2/"                      ,"2"
"/transaction/"                ,"2"
"/20180929/","2"
"/_h/"                         ,"2"
"/admindata/"                  ,"2"
"/_____tmd_____/"              ,"2"
"/memberAsset/"                ,"2"
"/chatsdk/"                    ,"2"
"/20190408/"                   ,"2"
"/alipay-security-pc-3/"       ,"2"
"/201908/"                     ,"2"
"/open_api/"                   ,"2"
"/index_cmxt30/"               ,"2"
"/userLogin/"                  ,"2"
"/publish/"                    ,"2"
"/sale_summer2019_assets/"     ,"2"
"/dealwatera/"                 ,"2"
"/5cbc5521/"                   ,"2"
"/mods/"                       ,"2"
"/gonggaoYYCG/"                ,"2"
"/54b5034d397baccb93181cc6/"   ,"2"
"/block-library/"              ,"2"
"/dev/","2"
"/bootstrap-datetimepicker/"   ,"2"
"/searchreplace/"              ,"2"
"/broker-service/","2"
"/complain/"                   ,"2"
"/xmall/"                      ,"2"
"/thinkcmf/"                   ,"2"
"/9b/","2"
"/consult/"                    ,"2"
"/recommended/"                ,"2"
"/SystemInfo/"                 ,"2"
"/143/"                        ,"2"
"/card_info/"                  ,"2"
"/pl.solidexplorer2/"          ,"2"
"/20180906/"                   ,"2"
"/huabei-amount/"              ,"2"
"/sku/"                        ,"2"
"/ecom/"                       ,"2"
"/smiley/"                     ,"2"
"/notify/"                     ,"2"
"/charts/"                     ,"2"
"/021/"                        ,"2"
"/4c1f7a6atransbjngwcloud1oss/","2"
"/messagetips/"                ,"2"
"/old/"                        ,"2"
"/272/"                        ,"2"
"/07cs07/"                     ,"2"
"/openplatform/"               ,"2"
"/github/"                     ,"2"
"/8qUJcD3n0sgCo2Kml5_Y_D3/","2"
"/5cbc5502/"                   ,"2"
"/uuid/"                       ,"2"
"/golden/"                     ,"2"
"/v15/"                        ,"2"
"/grid/"                       ,"2"
"/56/"                         ,"2"
"/booking/"                    ,"2"
"/brandcool/"                  ,"2"
"/3.3.0/"                      ,"2"
"/downloadApp/","2"
"/jpg/"                        ,"2"
"/201705/"                     ,"2"
"/couponimage/"                ,"2"
"/cards/"                      ,"2"
"/t16960/"                     ,"2"
"/0.0.16/"                     ,"2"
"/zyvv/"                       ,"2"
"/plus/"                       ,"2"
"/7Ls0a8Sm1A5BphGlnYG/"        ,"2"
"/834368404/"                  ,"2"
"/20190326/"                   ,"2"
"/86/"                         ,"2"
"/Project_apply/"              ,"2"
"/20190717172542/"             ,"2"
"/cloud/"                      ,"2"
"/1.0.11/"                     ,"2"
"/pu/"                         ,"2"
"/inner_flow/"                 ,"2"
"/modal-iframe/"               ,"2"
"/pwd_find_reset/"             ,"2"
"/statistic_sdc/"              ,"2"
"/schema/"                     ,"2"
"/ipproot/"                    ,"2"
"/msdownload/"                 ,"2"
"/gulfstream/"                 ,"2"
"/qtip/"                       ,"2"
"/paste/"                      ,"2"
"/apphubs/"                    ,"2"
"/bundle/"                     ,"2"
"/pcs/"                        ,"2"
"/down/"                       ,"2"
"/TideFinger/"                 ,"2"
"/mx/"                         ,"2"
"/hello/"                      ,"2"
"/fe_api/"                     ,"2"
"/201703/"                     ,"2"
"/31048/"                      ,"2"
"/m-public/"                   ,"2"
"/phdimall20/"                 ,"2"
"/filters/","2"
"/%7Btheme%7D/"                ,"2"
"/dx/"                         ,"2"
"/hot/"                        ,"2"
"/ping/"                       ,"2"
"/t19033/"                     ,"2"
"/adapter/"                    ,"2"
"/masonry/"                    ,"2"
"/certdoccenter-address/"      ,"2"
"/48/"                         ,"2"
"/kfgl/"                       ,"2"
"/ks3/"                        ,"2"
"/class/"                      ,"2"
"/d8/","2"
"/erp/"                        ,"2"
"/8c51975c40edfb67/","2"
"/srv/","2"
"/201911/"                     ,"2"
"/393380/"                     ,"2"
"/scarlett/","2"
"/graph/"                      ,"2"
"/219/"                        ,"2"
"/3.0.5/"                      ,"2"
"/qzone/"                      ,"2"
"/bugs/"                       ,"2"
"/configsvr/"                  ,"2"
"/41163/"                      ,"2"
"/10020427/"                   ,"2"
"/fileupload/"                 ,"2"
"/shodan/"                     ,"2"
"/201712/"                     ,"2"
"/reminder/"                   ,"2"
"/cpro/"                       ,"2"
"/plug-in-ui/"                 ,"2"
"/sj/","2"
"/612662/"                     ,"2"
"/CE/"                         ,"2"
"/power/"                      ,"2"
"/007/"                        ,"2"
"/b4547785/"                   ,"2"
"/20190128/"                   ,"2"
"/agent/"                      ,"2"
"/all/"                        ,"2"
"/2.1.9/"                      ,"2"
"/290/"                        ,"2"
"/gpa/"                        ,"2"
"/1.3.1/","2"
"/blueprint/"                  ,"2"
"/comdata/"                    ,"2"
"/pad-image/"                  ,"2"
"/tbproxy/"                    ,"2"
"/livetile/"                   ,"2"
"/CommonJs/"                   ,"2"
"/127/"                        ,"2"
"/3.0.0/","2"
"/xss_r/"                      ,"2"
"/pc-portal/","2"
"/buy_info/"                   ,"2"
"/164/"                        ,"2"
"/PD190111026452/","2"
"/hfe/"                        ,"2"
"/yunzhim/"                    ,"2"
"/filestreamingservice/"       ,"2"
"/ares/"                       ,"2"
"/callaui/"                    ,"2"
"/173/"                        ,"2"
"/fir/"                        ,"2"
"/request/"                    ,"2"
"/ztzl/"                       ,"2"
"/easyui/"                     ,"2"
"/4g-js/"                      ,"2"
"/smp_in/"                     ,"2"
"/sp/"                         ,"2"
"/sqli/"                       ,"2"
"/etc/"                        ,"2"
"/1.0.9/"                      ,"2"
"/5cbc55b1/"                   ,"2"
"/v1.0.1/"                     ,"2"
"/googlelogo/"                 ,"2"
"/app201307/"                  ,"2"
"/mst/"                        ,"2"
"/supervision/"                ,"2"
"/SetManage/"                  ,"2"
"/tongji/"                     ,"2"
"/AB/"                         ,"2"
"/-8hmEZZtRpWI/"               ,"2"
"/tplresource/"                ,"2"
"/105/"                        ,"2"
"/zt/"                         ,"2"
"/fms/"                        ,"2"
"/ware/"                       ,"2"
"/activity-pull-new/"          ,"2"
"/admin_asset/"                ,"2"
"/~d~a/"                       ,"2"
"/memberprod/"                 ,"2"
"/wiki/"                       ,"2"
"/mini-event/"                 ,"2"
"/20190812/"                   ,"2"
"/dc/"                         ,"2"
"/2.0.5/"                      ,"2"
"/pubread/"                    ,"2"
"/announcement/"               ,"2"
"/390/"                        ,"2"
"/exposure/"                   ,"2"
"/95/"                         ,"2"
"/common-login/"               ,"2"
"/direct/"                     ,"2"
"/201307/"                     ,"2"
"/xml/"                        ,"2"
"/220200/"                     ,"2"
"/application/"                ,"2"
"/201509/"                     ,"2"
"/loginRegister/"              ,"2"
"/PD180724025658/"             ,"2"
"/timestamp/"                  ,"2"
"/AAAAAAAAAAA/"                ,"2"
"/showLoading/"                ,"2"
"/60/"                         ,"2"
"/mainbar/"                    ,"2"
"/flight/"                     ,"2"
"/0.0.37/"                     ,"2"
"/audio/"                      ,"2"
"/newtab/"                     ,"2"
"/pms/"                        ,"2"
"/autotime/","2"
"/noty/"                       ,"2"
"/0217/","2"
"/meta/"                       ,"2"
"/chshap/"                     ,"2"
"/ProductManage/"              ,"2"
"/lapi/"                       ,"2"
"/20190729/"                   ,"2"
"/daxiang/"                    ,"2"
"/userheadpicbackend/"         ,"2"
"/animajs/"                    ,"2"
"/ux/"                         ,"2"
"/gonggaoCQJY/"                ,"2"
"/1.2.0/","2"
"/column_menu/"                ,"2"
"/steam/"                      ,"2"
"/208/"                        ,"2"
"/overview/"                   ,"2"
"/exp/","2"
"/120_120_100/"                ,"2"
"/details/"                    ,"2"
"/5cbc58c2/"                   ,"2"
"/taobao/"                     ,"2"
"/qqshow/"                     ,"2"
"/commodity/"                  ,"2"
"/paotui/"                     ,"2"
"/725/"                        ,"2"
"/4.0.0/"                      ,"2"
"/app-merchant-direct-pay/"    ,"2"
"/10.1.10/"                    ,"2"
"/404d350/"                    ,"2"
"/haikui/"                     ,"2"
"/fe-passport/"                ,"2"
"/M02/","2"
"/t12694/"                     ,"2"
"/jquery.overlay/"             ,"2"
"/aso/"                        ,"2"
"/hotelinfo/"                  ,"2"
"/repo/"                       ,"2"
"/82/","2"
"/notification/"               ,"2"
"/emoji/"                      ,"2"
"/20190530/"                   ,"2"
"/s1/"                         ,"2"
"/271590/"                     ,"2"
"/20190719/"                   ,"2"
"/CloudEMap/"                  ,"2"
"/lbs/"                        ,"2"
"/orders/"                     ,"2"
"/intserv/"                    ,"2"
"/dest/"                       ,"2"
"/GreenMile/"                  ,"2"
"/ipv6test/"                   ,"2"
"/201207/"                     ,"2"
"/dl/"                         ,"2"
"/3.2.1/"                      ,"2"
"/752590/","2"
"/mxx/"                        ,"2"
"/finance/"                    ,"2"
"/waiting/"                    ,"2"
"/ia/"                         ,"2"
"/343/"                        ,"2"
"/ui-dace/"                    ,"2"
"/merchants/"                  ,"2"
"/bankcharge/"                 ,"2"
"/20190522/"                   ,"2"
"/alay/"                       ,"2"
"/wpFolder/"                   ,"2"
"/201912/"                     ,"2"
"/ordercenter/"                ,"2"
"/912366944/"                  ,"2"
"/lhgDialog/"                  ,"2"
"/206/"                        ,"2"
"/antui/"                      ,"2"
"/93c2f45e22af239e/"           ,"2"
"/qqapp/"                      ,"2"
"/seajs2/"                     ,"2"
"/128/"                        ,"2"
"/doorman/"                    ,"2"
"/ticket/"                     ,"2"
"/health/"                     ,"2"
"/pdcvop/"                     ,"2"
"/140/"                        ,"2"
"/countdown_timer/"            ,"2"
"/topfiles/"                   ,"2"
"/cps/"                        ,"2"
"/45/"                         ,"2"
"/326/"                        ,"2"
"/ebvp/"                       ,"2"
"/cy-score/"                   ,"2"
"/krds/"                       ,"2"
"/so/"                         ,"2"
"/wf/"                         ,"2"
"/ODSP_Sync_Client/"           ,"2"
"/AJscCiYKDsU6_1084/"          ,"2"
"/269/"                        ,"2"
"/er/"                         ,"2"
"/68/"                         ,"2"
"/inc/","2"
"/datafreeDown/"               ,"2"
"/deposit/"                    ,"2"
"/tabs/"                       ,"2"
"/mongodb/"                    ,"2"
"/qmeditor/"                   ,"2"
"/bottom/"                     ,"2"
"/commonres/"                  ,"2"
"/fa/"                         ,"2"
"/99/"                         ,"2"
"/3.0.11/"                     ,"2"
"/75/"                         ,"2"
"/domain/"                     ,"2"
"/App_Themes/"                 ,"2"
"/a4/"                         ,"2"
"/c4/"                         ,"2"
"/durex/"                      ,"2"
"/need/"                       ,"2"
"/rellax/"                     ,"2"
"/./"                          ,"2"
"/newlogin/"                   ,"2"
"/0.1.2/"                      ,"2"
"/JuBao/"                      ,"2"
"/next/"                       ,"2"
"/slideshow/"                  ,"2"
"/006/","2"
"/afsrc/"                      ,"2"
"/cxx/"                        ,"2"
"/5.0.0/"                      ,"2"
"/ems-auth/"                   ,"2"
"/36264730855/"                ,"2"
"/20190620/"                   ,"2"
"/s2/"                         ,"2"
"/sqli_blind/"                 ,"2"
"/ost1410/"                    ,"2"
"/sapi/"                       ,"2"
"/insure/"                     ,"2"
"/5cbc5a28/"                   ,"2"
"/217/"                        ,"2"
"/secmkt/"                     ,"2"
"/ydoc/"                       ,"2"
"/c2c/"                        ,"2"
"/Areas/"                      ,"2"
"/abaa2ee5652ffb08/"           ,"2"
"/finish_steps/"               ,"2"
"/tpp-ecservice/"              ,"2"
"/crop.0.0.438.438.50/"        ,"2"
"/focus/"                      ,"2"
"/activityback/"               ,"2"
"/mapp/"                       ,"2"
"/cdn-www.baifubao.com/"       ,"2"
"/CVE-2018-16509/"             ,"2"
"/rp/"                         ,"2"
"/geocode/"                    ,"2"
"/one/"                        ,"2"
"/userreviews/"                ,"2"
"/mms/"                        ,"2"
"/legacy/"                     ,"2"
"/invoiceplus/"                ,"2"
"/5cbc596f/"                   ,"2"
"/mp4/"                        ,"2"
"/list_pager/"                 ,"2"
"/browser/"                    ,"2"
"/third/"                      ,"2"
"/contacts/"                   ,"2"
"/y/"                          ,"2"
"/myInfo/","2"
"/hermes/"                     ,"2"
"/corder/"                     ,"2"
"/permission/"                 ,"2"
"/drop_dialog/"                ,"2"
"/201708/"                     ,"2"
"/phpmyadmin/"                 ,"2"
"/799055169/"                  ,"2"
"/0.0.4/"                      ,"2"
"/effects/"                    ,"2"
"/identification/"             ,"2"
"/wechat/"                     ,"2"
"/image-upload/"               ,"2"
"/alipay-nav/"                 ,"2"
"/1a/"                         ,"2"
"/20190731/"                   ,"2"
"/club/"                       ,"2"
"/2.0.3/"                      ,"2"
"/OrgInfo/"                    ,"2"
"/gonggaoTDJY/"                ,"2"
"/invite-new/"                 ,"2"
"/qqvideo_ori/"                ,"2"
"/4.0.3/"                      ,"2"
"/v340/"                       ,"2"
"/201303/"                     ,"2"
"/xm/"                         ,"2"
"/payhelp/"                    ,"2"
"/fe-web-meituan/"             ,"2"
"/appsapi/"                    ,"2"
"/167/"                        ,"2"
"/find/"                       ,"2"
"/card_check/"                 ,"2"
"/e9d9492/"                    ,"2"
"/2452/"                       ,"2"
"/ksc-ksyun/"                  ,"2"
"/alibaba/"                    ,"2"
"/langtrconller/"              ,"2"
"/BB/"                         ,"2"
"/20190725/"                   ,"2"
"/openjs/"                     ,"2"
"/org/"                        ,"2"
"/2.3/"                        ,"2"
"/1.11.2/"                     ,"2"
"/156/"                        ,"2"
"/exm=_b,_tp/"                 ,"2"
"/v14/"                        ,"2"
"/1.4.4/"                      ,"2"
"/links/"                      ,"2"
"/book/"                       ,"2"
"/student-auth-v2/"            ,"2"
"/pan/"                        ,"2"
"/3rd/"                        ,"2"
"/129/"                        ,"2"
"/selcourse/"                  ,"2"
"/burdock/"                    ,"2"
"/201704/"                     ,"2"
"/233860/"                     ,"2"
"/1466372383/"                 ,"2"
"/flash/"                      ,"2"
"/wallet/"                     ,"2"
"/tss/"                        ,"2"
"/d=0/"                        ,"2"
"/splash/"                     ,"2"
"/20190716/"                   ,"2"
"/cloud-ticket/"               ,"2"
"/mkt/"                        ,"2"
"/1x/"                         ,"2"
"/bea_wls_internal/"           ,"2"
"/mod/"                        ,"2"
"/statistics/"                 ,"2"
"/schedulecoll/"               ,"2"
"/taiping/"                    ,"2"
"/940175154/"                  ,"2"
"/wxmall/"                     ,"2"
"/h5.ele.me/"                  ,"2"
"/mwos/"                       ,"2"
"/5aV1bjqh_Q23odCf/"           ,"2"
"/pdf/"                        ,"2"
"/dragula/"                    ,"2"
"/shopdiy/"                    ,"2"
"/Magisk-Modules-Repo/"        ,"2"
"/tracert/"                    ,"2"
"/mallimages/","2"
"/cross/"                      ,"2"
"/jungle/"                     ,"2"
"/ngui/"                       ,"2"
"/retrieve/"                   ,"2"
"/1110/"                       ,"2"
"/gb/"                         ,"2"
"/oem/"                        ,"2"
"/365/"                        ,"2"
"/online_assets/"              ,"2"
"/includes/"                   ,"2"
"/layouts/","2"
"/s88x28_jfs/"                 ,"2"
"/info_count/"                 ,"2"
"/cmsportal/"                  ,"2"
"/910490/"                     ,"2"
"/staticWebsite/"              ,"2"
"/wsdk/"                       ,"2"
"/exec/"                       ,"2"
"/120/"                        ,"2"
"/storemenu/"                  ,"2"
"/pagebreak/"                  ,"2"
"/GuanYuXinfa/"                ,"2"
"/tfscom/"                     ,"2"
"/validation/"                 ,"2"
"/loggw/"                      ,"2"
"/configs/"                    ,"2"
"/xuanke/"                     ,"2"
"/1604792277/"                 ,"2"
"/201604/"                     ,"2"
"/??/"                         ,"2"
"/by-id/"                      ,"2"
"/lup2p/"                      ,"2"
"/t10417/"                     ,"2"
"/20171130/"                   ,"2"
"/hos/"                        ,"2"
"/cpm/"                        ,"2"
"/font-awesome-4.7.0/"         ,"2"
"/0.1.3/"                      ,"2"
"/477/","2"
"/AWSC/"                       ,"2"
"/notes/"                      ,"2"
