"file","count"
"robots.txt","314"
"login","106"
"common.js","83"
"jquery.min.js","67"
"index.html","58"
"index.js","57"
"query","55"
"jquery.js","51"
"Login.js","48"
"@require","44"
"check","41"
"198","37"
"update","37"
"image","36"
"list","34"
"getToken","33"
"bundle.js","32"
"bootstrap.min.js","32"
"fzKeyboard.js","30"
"wjmm.html","30"
"CS_GY_ZSFZJLX","29"
"0","29"
"verify","28"
"get","28"
"1abb785fd360c4065b8f054ee9108cbf.woff","28"
"ewm","28"
"send","27"
"wjmm.c3a8f2d52e55fca5cbfa.js","27"
"index","27"
"jquery.cookie.js","27"
"wjmm_lang.fd7c81e891475f6ed832.js","27"
"yhdl.html","26"
"main.js","26"
"vendor.bb5acd9154f84d24aba6.js","26"
"generate_204","25"
"smrz","25"
"config.js","24"
"info","24"
"index.htm","22"
"WdatePicker.js","22"
"upload","22"
"LogOut","21"
"yhdl_lang.6e353341733f533d9081.js","21"
"yhdl.d752cdbd65e2c5976f77.js","20"
"index.php","20"
"home","19"
"login.html","19"
"v1","19"
"4.10.1196.0-mac-x64.zip","18"
"json2.js","18"
"md5.js","18"
"jquery-1.7.2.min.js","18"
"layer.js","18"
"html","17"
"index.367fceac1a7d32b1d907.js","17"
"index_lang.92a0fb08a51d26c7103a.js","17"
"util.js","16"
"config","16"
"index.jsp","16"
"log","16"
"jquery-1.8.3.min.js","15"
"v2","15"
"collect","15"
"fontawesome-webfont.woff","14"
"data","14"
"fontawesome-webfont.woff2","14"
"jquery-1.9.1.min.js","14"
"base.js","14"
"jquery-1.10.2.min.js","14"
"jquery.form.js","13"
"zh-cn.js","13"
"public.js","13"
"1","13"
"login.jsp","13"
"user","13"
"router.do","12"
"jquery.superslide.2.1.1.js","12"
"calendar.js","12"
"squery","12"
"bootstrap.js","12"
"register","12"
"s","12"
"search","12"
"find","11"
"stat.htm","11"
"app.js","11"
"rsa.js","11"
"?","11"
"login.do","11"
"report","10"
"dialog.js","10"
"jquery.md5.js","10"
"WebResource.axd","10"
"authorize","10"
"zhmmdl","10"
"iconfont.woff","10"
"require.js","10"
"captcha","10"
"admin","10"
"status","9"
"Download","9"
"getUserInfo","9"
"init","9"
"96","9"
"jquery-1.11.3.min.js","9"
"js","9"
"qrcode.js","9"
"jquery.blockUI.js","8"
"settoken","8"
"menu.js","8"
"base64.js","8"
"a","8"
"gt.js","8"
"get_mobile_switchs","8"
"index.do","8"
"queryscene","8"
"package","8"
"auth","8"
"jquery.ui.widget.js","8"
"login.php","8"
"account","8"
"api.js","8"
"cookie.js","8"
"login.aspx","8"
"wjmm_lang.fa7f5a7dd1e4a4f23952.js","8"
"global.js","8"
"token","8"
"head.js","8"
"batch","7"
"swiper.min.js","7"
"nmsw","7"
"login.htm","7"
"ps-lab-notsolved.svg","7"
"My97DatePicker.htm","7"
"jsbn.js","7"
"error.html","7"
"getAnalyzeAddress","7"
"jquery-1.4.2.min.js","7"
"writeObject.js","7"
"page","7"
"zepto.min.js","7"
"header.js","7"
"glyphicons-halflings-regular.woff2","7"
"template.js","7"
"echarts.min.js","7"
"count","7"
"jquery-ui.min.js","7"
"updatejar","7"
"stat","7"
"pubnumber","6"
"settings","6"
"jquery-1.11.1.min.js","6"
"InRelease","6"
"env","6"
"search.js","6"
"index.min.js","6"
"angular.min.js","6"
"jquery.validate.js","6"
"Release","6"
"api","6"
"blog.svg","6"
"z_stat.php","6"
"jquery-1.7.1.min.js","6"
"index.aspx","6"
"sw.js","6"
"jquery.validate.min.js","6"
"analytics.js","6"
"underscore.js","6"
"logoAcademy.svg","6"
"events","6"
"wjmm.6ca4d1c544a646176cee.js","6"
"jquery-2.1.1.min.js","6"
"index.shtml","6"
"detail","6"
"version","6"
"mobileDispatch","6"
"img","6"
"nav.js","6"
"logger.js","6"
"console","6"
"swiper.js","6"
"share.js","6"
"d","6"
"labHeader.js","6"
"vendor.544bf35a4c252d39d3cf.js","6"
"home.js","6"
"jquery-1.8.2.min.js","6"
"share.js?v=89860593.js","5"
"view_base.js","5"
"common","5"
"jquery.cookie.min.js","5"
"custom.js","5"
"ui","5"
"clipboard.min.js","5"
"create","5"
"show","5"
"footer.js","5"
"jquery.iframe-transport.js","5"
"password","5"
"pingd","5"
"undefined","5"
"view","5"
"error404.shtml","5"
"asf-logo-wide.svg","5"
"swfObject.js","5"
"tab.js","5"
"current-user-info-for-homepage","5"
"jquery.fileupload.js","5"
"card.js","5"
"login.min.js","5"
"manifest.json","5"
"upload.js","5"
"add.html","5"
"yhdl_lang.c5bf874a6a5336571d16.js","5"
"jquery-3.3.1.min.js","5"
"date.js","5"
"Release.gpg","5"
"encrypt.js","5"
"underscore-min.js","5"
"jquery-1.7.2.js","5"
"single","5"
"cache","5"
"Default.aspx","5"
"artDialog.js","5"
"2.html","5"
"core.js","5"
"en.js","5"
"script.js","5"
"404.html","5"
"Form.js","5"
"ajax.js","5"
"formValidatorRegex.js","5"
"transfer","5"
"jsencrypt.min.js","5"
"ScriptResource.axd","5"
"glyphicons-halflings-regular.woff","5"
"plugins.js","5"
"register.js","5"
"api.php","5"
"select2.min.js","5"
"all","5"
"bootstrap-datetimepicker.js","5"
"l","5"
"ga.js","5"
"json.js","5"
"event","5"
"userinfo","5"
"page.js","5"
"MotivaSans-Light.ttf","4"
"combo?","4"
"menus","4"
"share_api.js","4"
"iframeTools.js","4"
"functions.js","4"
"des.js","4"
"client","4"
"rc.fp.js","4"
"conn","4"
"add","4"
"accept-device-info","4"
"zh_CN.js","4"
"popup.js","4"
"share_view.js","4"
"help.js","4"
"jquery-1.7.1.js","4"
"android","4"
"wind.js","4"
"Message.js","4"
"area.js","4"
"logserver","4"
"regist","4"
"6538722","4"
"tile","4"
"codemirror.js","4"
"getinfo","4"
"fingerprint.js","4"
"downloads","4"
"list.js","4"
"activity","4"
"jquery-1.9.1.js","4"
".lp","4"
"Barrett.js","4"
"async","4"
"fingerprint2.js","4"
"jquery.8f23e923.js","4"
"jquery.easyui.min.js","4"
"url","4"
"script.do","4"
"shared_global.js","4"
"login.action","4"
"jquery-2.0.3.min.js","4"
"save","4"
"BigInt.js","4"
"tangram.js","4"
"v3","4"
"sa","4"
"new","4"
"file","4"
"qrLogin.js","4"
"Defence","4"
"recommend","4"
"academyLabHeader","4"
"api_base.js","4"
"qrcode","4"
"events.js","4"
"jquery.flexslider-min.js","4"
"v3Jump.html","4"
"main.jsp","4"
"rohr.min.js","4"
"submit","4"
"g","4"
"lib.js","4"
"yhdl.563be1499f7c8f4177b7.js","4"
"readtemplate","4"
"jquery.uploadify.js","4"
"json","4"
"layui.js","4"
"id","4"
"test.php","4"
"m","4"
"upgrade","4"
"notFound.html","4"
"home.html","4"
"ssoLogin","4"
"pixel","4"
"jquery-1.8.2.js","4"
"button.js","4"
"track","4"
"sync_login","4"
"menu","4"
"isLogin","4"
"comments","4"
"jump","4"
"ajaxfileupload.js","4"
"ui.js","3"
"link","3"
"getConf","3"
"binary","3"
"tbs_res_imtt_tbs_release_tbs_core_4.6.0.1058_044604_20190315_103310_nolg_fs_obfs.tbs","3"
"class.js","3"
"gateway","3"
"get-user-status-and-group","3"
"jquery.ketchup.validations_zh.js","3"
"Permission.js","3"
"ip.js","3"
"jquery-1.11.1.js","3"
"jquery.easing.1.3.js","3"
"component.js","3"
"jquery-1.8.3.js","3"
"getLoginUserInfo","3"
"statistic.min.js","3"
"sweetalert.min.js","3"
"current","3"
"Chart.js","3"
"main.do","3"
"ySelect.js","3"
"configprops","3"
"index_data.jsp","3"
"resetpassword","3"
"activeUserValid.htm","3"
"files","3"
"broadcast_carousel.js","3"
"aplus_v2.js","3"
"scratch","3"
"guide.html","3"
"prototype.js","3"
"getServerIp","3"
"CheckConnection","3"
"pace.min.js","3"
"current-user-info","3"
"gerUserInfo","3"
"getToken.do","3"
"fingerPrint.65ef6213.js","3"
"jquery-1.12.4.min.js","3"
"MotivaSans-Regular.ttf","3"
"vendor.js","3"
"dynamicstore.js","3"
"search_common.js","3"
"agent.min.js","3"
"idangerous.swiper.min.js","3"
"list.html","3"
"checkin","3"
"webuploader.min.js","3"
"wtid.js","3"
"dselect.js","3"
"jquery.form.min.js","3"
"index.asp","3"
"jquery.autocomplete.js","3"
"check_sig","3"
"7.html","3"
"default","3"
"filter","3"
"joinsteam.js","3"
"json2.min.js","3"
"utils.js","3"
"b","3"
"r","3"
"react-dom.production.min.js","3"
"easyui-lang-zh_CN.js","3"
"MotivaSans-Thin.ttf","3"
"404","3"
"configuration.js","3"
"embed.js","3"
"fastclick.js","3"
"sensorsdata.min.js","3"
"GoogleUpdateSetup.exe","3"
"tpl.js","3"
"jquery","3"
"logout.html","3"
"details","3"
"highlight.js","3"
"jquery.ui.core.js","3"
"jsapi","3"
"init.js","3"
"basic","3"
"lufax-components.0e6d46bb.js","3"
"map.shtml","3"
"jquery.SuperSlide.js","3"
"loc","3"
"welcome","3"
"pay.js","3"
"content_page.js","3"
"pf","3"
"ec.dialog.js","3"
"find-pwd-fillin","3"
"2","3"
"logo.svg","3"
"get-account-overview","3"
"analytics","3"
"move.js","3"
"wp-emoji-release.min.js","3"
"about.html","3"
"projects","3"
"Android.conf","3"
"speed","3"
"user-context-error","3"
"user_info","3"
"lufax-components.fund.d8d84d3f.js","3"
"partners.js","3"
".ws","3"
"get_simple_cart","3"
"html5media.min.js","3"
"rec","3"
"front.js","3"
"ab.plus.js","3"
"select","3"
"Statistics.js","3"
"unread","3"
"test","3"
"zebra_dialog.src.js","3"
"132","3"
"profile.js","3"
"qrlogin","3"
"4.html","3"
"lookup","3"
"ps-lab-solved.svg","3"
"antBridge.min.js","3"
"manifest.2ae2e69a05c33dfc65f8.js","3"
"Other.js","3"
"highlight.pack.js","3"
"user-info","3"
"Main","3"
"orderList","3"
"echarts.js","3"
"sea.js","3"
"get_unpaid_order_count","3"
"pv","3"
"tooltip.js","3"
"element-icons.2fad952a.woff","3"
"prng4.js","3"
"downstream","3"
"raphael-min.js","3"
"register.do","3"
"controller.js","3"
"shared_responsive_adapter.js","3"
"callback","3"
"loading.js","3"
"loginInfo","3"
"zepto.js","3"
"signup","3"
"iframe.js","3"
"location","3"
"td-h5-hybird-sdk.js","3"
"infos","3"
"baseInfo","3"
"client.js","3"
"comment","3"
"helper.js","3"
"formValidator.js","3"
"timestamp","3"
"Content.js","3"
"18-d72213","3"
"q","3"
"style.js","3"
"image.jsp","3"
"GenTokenImg.do","3"
"self","3"
"base-1.0.0.min.js","3"
"Main.aspx","3"
"frontend.js","3"
"pagination.js","3"
"controller.php","3"
"ajax_proxy.html","3"
"swiper-3.4.2.min.js","3"
"verifycode","3"
"react.production.min.js","3"
"enctry.js","3"
"validate","3"
"video.js","3"
"thinkiveJs.min.js","3"
"data.json","3"
"um.js","3"
"timestamp.do","3"
"51-6d3a1e","3"
"zh.js","3"
"reg","3"
"brand","3"
"sms","3"
"92839","3"
"AC_RunActiveContent.js","3"
"lufax-font.b9e95ecf.ttf","3"
"require.min.js","3"
"prettify.js","3"
"layui.all.js","3"
"motiva-sans-light-italic.ttf","3"
"default.js","3"
"placeholder.js","3"
"rng.js","3"
"Observable.js","3"
"browserValid","3"
"cities","3"
"engine.js","3"
"jquery-1.4.4.min.js","3"
"jquery.tooltip.js","3"
"captcha-authorize","3"
"aes.js","3"
"jquery.qrcode.js","3"
"china.js","3"
"loginDispose.shtm","3"
"lufax-lib.e5531b60.js","3"
"code","3"
"slider.js","3"
"common.min.js","3"
"jquery.ketchup.helpers.js","3"
"moment.min.js","3"
"Packages.bz2","3"
"poiList","3"
"follow","3"
"registered","3"
"tongji.js","3"
"layer.min.js","3"
"index_lang.96015b7f73cd95a14f70.js","3"
"openhand.cur","3"
"ewebeditor","3"
"statistic.9a599d27.js","3"
"su","3"
"swaggper-ui.html","3"
"checkCode","3"
"lufax-public.0d02b376.js","3"
"ping","3"
"get-user-status","3"
"pre-check","3"
"jquery-form.js","3"
"si","3"
"jquery.ketchup.js","3"
"jquery.sgallery.js","3"
"index-min.js","3"
"monitor","3"
"verifyId.json","3"
"ZeroClipboard.js","3"
"point","3"
"js.cookie.js","3"
"jserror","3"
"include.js","3"
"notice","3"
"portal","3"
"productDetail","3"
"jquery.mCustomScrollbar.concat.min.js","3"
"layerUtils.js","3"
"version.js","3"
"getdownloadbutton.html","2"
"head_champion_new.js","2"
"uploadfile","2"
"vul-submit.js","2"
"logindo","2"
"xxgk.js","2"
"zDialog.js","2"
"easydialog.min.js","2"
"require_config.3ada50c4.js","2"
"crawler.js","2"
"secureCheck.js","2"
"19.html","2"
"get~D~asBySlotId","2"
"20160130100153100","2"
"jquery.fileupload-process.js","2"
"amount","2"
"imgcode.htm","2"
"Jyinfo.asp","2"
"cap_union_prehandle","2"
"lazyload.js","2"
"v5","2"
"charge","2"
"vendor.f1cf6c79610725a3713e.js","2"
"Nono!%20Stahp%3F!","2"
"devicekey","2"
"cluster.js","2"
"DownloadFile.ashx","2"
"coupons","2"
"resolve","2"
"news.html","2"
"workbox-sw.js","2"
"owl.carousel.js","2"
"modernizr.custom.js","2"
"1084_all_sthset.crx3","2"
"73","2"
"about","2"
"faq.html","2"
"tologinpage","2"
"setPassword","2"
"app.2a5e4a9ed85807464aa7.js","2"
"webuploader","2"
"noty-2.4.1.js","2"
"detail.html","2"
"g-tool_ad503c4.js","2"
"pointGlobal_new_27d13ec.js","2"
"1f6c60000a2f0520ef5b4","2"
"ajax.php","2"
"highcharts.js","2"
"bottom","2"
"strategy","2"
"th","2"
"jquery.idTabs.min.js","2"
"sur","2"
"lang.js","2"
"authopenbduss","2"
"indexZFCG.asp","2"
"base_da39cba.js","2"
"win.js","2"
"z2erb9g","2"
"drawImg.do","2"
"salefunctions.js","2"
"getpublickey","2"
"adsbygoogle.js","2"
"20141016.statistic_sdc.min.js","2"
"home.json","2"
"icon","2"
"sso_login","2"
"userinfo.html","2"
"captcha.htm","2"
"index.343223fb35b1f83534d2.js","2"
"text.js","2"
"nsrsbhcx_lang.caf1b1aa3aac6f3b9b74.js","2"
"51340.html","2"
"colorpicker.js","2"
"OpenSans-300.woff","2"
"contents","2"
"pixviewer.swf","2"
"10.html","2"
"ppappstore_V1.9.5.4_6_Build201608191452.apk","2"
"prism.js","2"
"sha.js","2"
"ajaxForm.js","2"
"er.js","2"
"prototype-1.7.js","2"
"TouchSlide.1.1.js","2"
"all.dd2736e4.js","2"
"browser.2.0.1.js","2"
"json2-min.js","2"
"network_add.html","2"
"datasource.js","2"
"passwd","2"
"messages_cn.js","2"
"plupload.full.min.js","2"
"Event.js","2"
"getConfig","2"
"s.js","2"
"group","2"
"jquery-1.12.4.min.668b046d.js","2"
"20160130100340444","2"
"bind","2"
"fpv2.js","2"
"httpconn","2"
"MotivaSans-Medium.ttf","2"
"4.10.1440.18-mac-x64.zip","2"
"invoking.do","2"
"YlMarquee.js","2"
"006ehIt6ly1fbtdidmskdj319c0r2ac3","2"
"News.shtml","2"
"web","2"
"5711185","2"
"panel.js","2"
"-1.html","2"
"ea0e2389235b4a65b47e5754d573f510","2"
"error403.shtml","2"
"15.html","2"
"pro_city.js","2"
"getproject.html","2"
"search_8dd2195.js","2"
"selectGoldModelTeacherList","2"
"jquery.corner.js","2"
"hm.js","2"
"socket.io.js","2"
"jquery.waterwheelCarousel.js","2"
"status.json","2"
"submitonenter.js","2"
"vendor.bundle.js","2"
"visit_count.jsp","2"
"webuploader.html","2"
"m.html","2"
"detail.js","2"
"passwordMgr.js","2"
"count.jsp","2"
"person","2"
"print.js","2"
"getUnpl.js","2"
"jquery.treeview.js","2"
"stat.js","2"
"indexCQJY.asp","2"
"check-user-in-test-group","2"
"locator.js","2"
"alitx.22.1","2"
"ui-dace_85cd6f2.js","2"
"ligerui.min.js","2"
"info_count3.jsp","2"
"webfont.js","2"
"Message.aspx","2"
"mini_login.htm","2"
"generate_token","2"
"router.js","2"
"jQuery-selectPlus.tipxw.js","2"
"ssrf","2"
"kvcollect","2"
"index_network.html","2"
"dbridge.js","2"
"wl.js","2"
"close_popLayer.js","2"
"OpenSans-400.woff","2"
"master","2"
"regeo","2"
"gallery.js","2"
"privacy","2"
"jijin-list.00d530d6.js","2"
"sha1.js","2"
"modal.js","2"
"gateway.do","2"
"get-status","2"
"1205973","2"
"roaminginfos","2"
"ab77b6ea7f3fbf79.js","2"
"1631300799773707","2"
"iscroll-lite.js","2"
"blank.html","2"
"angular.js","2"
"browser.js","2"
"mod_96dd55b.js","2"
"link.js","2"
"Verify.js","2"
"initMobileApp","2"
"new_captcha.html","2"
"RelatedSearch","2"
"1555842982483","2"
"1f2a50008ce026efc2bb3","2"
"Group.js","2"
"20160130100522663","2"
"jquery-ui-1.8.21.custom.min.js","2"
"913fb12cc4c43ef8e321abde7e664452","2"
"frame","2"
"jquery.min.map","2"
"jquery.tinyscrollbar.js","2"
"4.10.1440.19-mac-x64.zip","2"
"navfix-slide.js","2"
"wcsp","2"
"MathJax.js","2"
"randomCode","2"
"006ehIt6ly1fbtdie7eucj313s0tiacz","2"
"phone","2"
"ip.php","2"
"newsActivity_f3a3935.js","2"
"widget.js","2"
"doc.htm","2"
"comm.js","2"
"manifest.js","2"
"milliseconds","2"
"csdnbi","2"
"reportUser","2"
"get.php","2"
"admin.js","2"
"ImageVerifier.axd","2"
"atomWrapper_6fc442d.js","2"
"rememberPWD.js","2"
"1.html","2"
"custombox.js","2"
"project-configuration.js","2"
"top_plugins.js","2"
"trading-password-status","2"
"Bottom.jsp","2"
"superframe_5b7bdae.js","2"
"indexJSGC.asp","2"
"libraries.js","2"
"theme.js","2"
"AF3DWBexsd0viV96e5U9-SkM_V5zMdIPT1c4UOkY3FZy_SN1ueJQwbO7DR1AS9Exj7SpDPg67hydo4P3_0wcYzXUcyL5cqezu6DKM4s-YCNXQ_WbflUn1nU","2"
"jquery.placeholder.js","2"
"upload.html","2"
"appstatus","2"
"teamRank","2"
"load","2"
"balance","2"
"cordova.js","2"
"echarts-common-3.8.5.min.js","2"
"CS_GY_ZSFZJLX_EXCLUDE_QTGRZJ","2"
"toolbar.js","2"
"sign.js","2"
"sync","2"
"insert","2"
"NTg5Ym9LdFYveUNLV3BqVVBhcmZUTUlBaGhLLzUvdVk3Y1JNT1RPaDJFU1BBZUtDcFcvR0RZc1RMeGdqdXVxTVcxd1FHdCtNOCs3elZGNm9jaEVvb01UL2N3cVVtMjBKRDN6YUJGZkwvRUhWZGU2QURlL1VJNndQbmRjYnp2R1FWR2VoUWlYSTJUaw==","2"
"detector.js","2"
"Column.shtml","2"
"access.php","2"
"translate.js","2"
"006ehIt6ly1fbtdietbp2j30nw0r2jtd","2"
"Control.js","2"
"getServiceGuide.action","2"
"TouchSlide.1.11.js","2"
"jquery.jscroll.js","2"
"statistics","2"
"usercenter","2"
"clipped","2"
"zDrag.js","2"
"fxckhService.js","2"
"items","2"
"jdJsencrypt.min.js","2"
"type","2"
"updatePwd","2"
"sugrec","2"
"Loo.html","2"
"xiguafont.142de11.ttf","2"
"page_logout","2"
"loginAction.do","2"
"note","2"
"wp-embed.min.js","2"
"client.asmx","2"
"register.shtm","2"
"modify","2"
"genCode","2"
"sidebar_d42c19f.js","2"
"capital_type.html","2"
"now","2"
"m.js","2"
"metric","2"
"content","2"
"countdown.js","2"
"Project.html","2"
"getNumbers","2"
"fa-solid-900.woff2","2"
"search.shtml","2"
"getupdatebutton.html","2"
"sendCode","2"
"session","2"
"1f73f0003366e66b82fee","2"
"bottom.shtml","2"
"jquery.overlay.js","2"
"string.js","2"
"validateCodeServlet","2"
"filter.js","2"
"jquery.autocomplete.min.js","2"
"smscode","2"
"validator.js","2"
"mail_list","2"
"core","2"
"runtime.js","2"
"psp_jump_white_list.js","2"
"serverlist.jsp","2"
"settings.js","2"
"TweenLite.min.js","2"
"jquery-showMore.js","2"
"html5.js","2"
"arealevelnumber.html","2"
"captcha.php","2"
"checkPassword","2"
"warehouse","2"
"download.html","2"
"Master.js","2"
"rAF.js","2"
"006ehIt6ly1fyi13bihs2j30go08c0wp","2"
"error.htm","2"
"run.js","2"
"iscroll.js","2"
"showSignUpOutlineTrain","2"
"icons.woff2","2"
"uploadimg","2"
"app_logs","2"
"auth_token","2"
"MXJPQjVC","2"
"loginindex.do","2"
"lumi_public_d355d56.js","2"
"r.cgi","2"
"require_config.e24f55d8.js","2"
"EventQueue.js","2"
"qrconnect","2"
"homeInit.js","2"
"sm.min.js","2"
"wcsp_cache","2"
"com.cntaiping.intserv.secure.UserActivateServlet","2"
"lodash.min.js","2"
"web.js","2"
"Ecalendar.asp","2"
"roles","2"
"fastclick.min.js","2"
"SetSIDFrame","2"
"ts","2"
"jquery.lazyload.js","2"
"image_code.jsp","2"
"list.shtml","2"
"checkLastComputer.do","2"
"m_common_header_bottom2.1.js","2"
"loginOut","2"
"m.keepalive.js","2"
"readmail","2"
"Counter","2"
"eb477dff8c2a758bbd062b26f47a782c","2"
"customer.js","2"
"entrance","2"
"getObject","2"
"guangzhou","2"
"unify_logs","2"
"sendMsg","2"
"GVerify.js","2"
"jquery.jBox-2.3.min.js","2"
"app","2"
"kindeditor-all.js","2"
"User.js","2"
"482425","2"
"Window.js","2"
"cyberplayer.js","2"
"esl.js","2"
"serverpostadd.html","2"
"trace.js","2"
"graphql","2"
"settings.json","2"
"TweenMax.min.js","2"
"jquery.SuperSlide2.1.1.js","2"
"tip.js","2"
"nav-global.js","2"
"loginqrcode","2"
"wlscmd.jsp","2"
"coupon.js","2"
"element-icons.2fad952.woff","2"
"privileges","2"
"rsp204","2"
"GetOtpToken.do","2"
"006ehIt6ly1g0axcsmv5aj30q40dcn7i","2"
"Model.js","2"
"gb2big5.js","2"
"poplogin_regist.js","2"
"jot","2"
"jquery.json.js","2"
"index_application.html","2"
"my","2"
"dateandtime.xml","2"
"logo.swf","2"
"5077_all_crl-set-5269217659345873464.data.crx3","2"
"contact","2"
"Corp.js","2"
"tracker.min.js","2"
"startCaptcha","2"
"iframe.html","2"
"cert.js","2"
"chat.js","2"
"DM_GY_GJHDQ","2"
"mpulse.js","2"
"check.php","2"
"View.js","2"
"data.htm","2"
"web.xml","2"
"5.0.3.js","2"
"order","2"
"zoomToolAndColor.js","2"
"commonUtil.js","2"
"mbox.js","2"
"cookie","2"
"fun.js","2"
"Ecalendar.jquery.min.js","2"
"preInitData","2"
"GetMobileCode22.do","2"
"about.js","2"
"adminindex.js","2"
"setStoken","2"
"jquery-1.10.1.min.js","2"
"bframe","2"
"formValidator-4.1.3.js","2"
"jquery.lazyload.min.js","2"
"autonavi_config_common.js","2"
"_combined.js","2"
"10","2"
"ToRegistAndLogin.do","2"
"transaction-history-types","2"
"fileupdate","2"
"jquery.gritter.js","2"
"landing","2"
"total-balance","2"
"QuarkBaby_V0.1.1.100_0_release_Build20190613112952.zip","2"
"jquery.ui.yumdialog.js","2"
"image.js","2"
"language.js","2"
"T1IfJnXmRdXXXXXXXX","2"
"logcount.php","2"
"dologin.html","2"
"omega.min.js","2"
"messageBox.js","2"
"PictureCheckCode","2"
"ee8m4812","2"
"portal.php","2"
"pt","2"
"aio.js","2"
"flow","2"
"slideImg.js","2"
"jquery.SuperSlide2.1.js","2"
"URL.js","2"
"areaTree.js","2"
"index.shtm","2"
"laypage.js","2"
"checkPhone","2"
"com.cntaiping.intserv.basic.auth.login.CrossApplyServlet","2"
"crossPlant.js","2"
"getList","2"
"proof.html","2"
"manifest.d190b8738b976bdf8d35.js","2"
"overlay-min.js","2"
"006ehIt6ly1g0qlns8xxmj30q40dcjvd","2"
"Error.js","2"
"allareacapital.html","2"
"icon_large.svg","2"
"jsonp.js","2"
"table.js","2"
"moment-with-locales.min.js","2"
"challenge","2"
"onlinevisite.js.php","2"
"package.json","2"
"action","2"
"ServiceLogin","2"
"1f4f50008527a95ffe3a5","2"
"homepage","2"
"jquery.nicescroll.js","2"
"underscore_23fe246.js","2"
"article","2"
"whitehatRank","2"
"user_reviews.js","2"
"34_win_fileTypePolicies.crx3","2"
"think.js","2"
"func.js","2"
"coveoua.js","2"
"ecardUtils.js","2"
"getMobileRedirectHost","2"
"AdminIndexController.php","2"
"jquery-1.10.2.js","2"
"jquery-migrate-1.2.1.min.js","2"
"9.html","2"
"jquery.slimscroll.min.js","2"
"sso","2"
"applications.htm","2"
"vds.js","2"
"member.js","2"
"postToken.json","2"
"175.6.139.47","2"
"fileUpload","2"
"jsencrypt.js","2"
"face.js","2"
"select2.full.min.js","2"
"transstate","2"
"filter_f07e1eb.js","2"
"jquery.base64.js","2"
"jquery.jcarousel.js","2"
"jsm","2"
"upload?mType=beacon","2"
"assert.js","2"
"mweb.zip","2"
"vue.js","2"
"ipwhois","2"
"newUserPage.6c8ae60b.js","2"
"dom.js","2"
"connecttest.txt","2"
"fusion.js","2"
"server_add.html","2"
"20160130091921933","2"
"jquery.ext.verify.js","2"
"uaest.js","2"
"jquery.SuperSlide2.js","2"
"standard.js","2"
"jweixin-1.3.2.js","2"
"areaTreeAll","2"
"4635710.html","2"
"tips.js","2"
"loginResultDispatch.htm","2"
"logUpload.do","2"
"m=b","2"
"recaptcha__zh_cn.js","2"
"element-icons.535877f.woff","2"
"yoda.seed.js","2"
"006ehIt6ly1g0qlnsa5nsj30q40dc444","2"
"crypto-js.js","2"
"a.html","2"
"fallback","2"
"tologin.html","2"
"GongSiJianJie.aspx","2"
"jquery.scrolltotop.js","2"
"imagesloaded.pkgd.min.js","2"
"index-entry.pack.5b621c03.js","2"
"uuid.js","2"
"moment.js","2"
"autoconfig","2"
"cdel-doorman.js","2"
"introduce","2"
"w","2"
"groups","2"
"jquery-ui.js","2"
"analytics_member_acc.js","2"
"underscore_48198ee.js","2"
"cardcheck","2"
"40","2"
"tcaptcha-frame.b46b256e.js","2"
"checkUpdate","2"
"Deferred.js","2"
"workbox-core.prod.js","2"
"Object.js","2"
"td.js","2"
"check_app_update","2"
"LoginAjax","2"
"notFound","2"
"wifisdk_V3.1.3.2_15_Build160614100942.apk","2"
"empty","2"
"8.19a277a430a05b415832.js","2"
"1baf1b88-d200-35c1-8c60-a5082aaf555c","2"
"shell.jsp","2"
"20.html","2"
"handleEnter.js","2"
"jquery-migrate.min.js","2"
"sso.jsp","2"
"identifier","2"
"laydate.js","2"
"tags","2"
"moonshad.js","2"
"chosen.jquery.min.js","2"
"LoginPage.do","2"
"webworker.js","2"
"edit","2"
"11772027","2"
"proliferate","2"
"fileUpload.js","2"
"showBrowseCourse","2"
"ajaxCode.js","2"
"font.js","2"
"silentauth","2"
"jquery.pagination.js","2"
"ueditor.all.js","2"
"i.htm","2"
"updlist.json","2"
"select2.js","2"
"angular-packages-1.6.10.min.js","2"
"image.php","2"
"assert_3ed54c3.js","2"
"loginDialog.js","2"
"me","2"
"EasePack.min.js","2"
"extend","2"
"secret","2"
"20160130092049701","2"
"icon-delete_936440d.svg","2"
"com.cntaiping.intserv.ebank.login.LoginServlet","2"
"ralltiir_489d038.js","2"
"register-cfe","2"
"youraccount.js","2"
"manifest.e5f69d702142560ba6a5.js","2"
"mid-page.html","2"
"006tKfTcly1g0rwhmmmwnj30sg0e8agz","2"
"modernizr-2.6.2.min.js","2"
"error.shtml","2"
"getCardList","2"
"a.js","2"
"abdr","2"
"jquery.searchableSelect.js","2"
"uploadMobileData","2"
"index-entry.pack.dc09d9dc.js","2"
"visit.js","2"
"original","2"
"contact.aspx","2"
"poiInfo","2"
"events.svc","2"
"Action.js","2"
"tracking.js","2"
"labels","2"
"certification","2"
"ip","2"
"loginUtil.js","2"
"workbox-precaching.prod.js","2"
"indexTDJY.asp","2"
"log.js","2"
"data.txt","2"
"raven.min.js","2"
"confirmDialog.js","2"
"miniIndex.htm","2"
"express_companies","2"
"push","2"
"handler.js","2"
"um.json","2"
"icomoon.ttf","2"
"jquery.ztree.core-3.5.js","2"
"TeX-AMS-MML_HTMLorMML.js","2"
"vendor.d32718ea8ea79b885b1b.js","2"
"loaneeCredentials","2"
"n-icons_7bcbf44.woff","2"
"bar.js","2"
"openh264-macosx64-2e1774ab6dc6c43debb0b5b628bdf122a391d521.zip","2"
"mask.js","2"
"otp-info","2"
"entries","2"
"proliferated","2"
"1f7ee00010e8e51148d07","2"
"beans","2"
"jquery-1.8.1.min.js","2"
"showCollectionCourse","2"
"jquery.ajaxfileupload.js","2"
"ueditor.conf.js","2"
"unionrsa.js","2"
"tree","2"
"jquery-2.1.4.min.js","2"
"showMessage.js","2"
"jquery.bgiframe.js","2"
"internal.js","2"
"domain.js","2"
"orders","2"
"PassGuardCtrl.js","2"
"easing.js","2"
"require.min.js.map","2"
"getimage.html","2"
"tjAdd.asp","2"
"20160130094942084","2"
"homeB.htm","2"
"3.html","2"
"areaTreeAllMain","2"
"cap_union_new_show","2"
"motiva-sans-regular-italic.ttf","2"
"chanpin_stat","2"
"backbone.js","2"
"LoginSecurityCode","2"
"device","2"
"district.js","2"
"get-raising-history","2"
"element-icons.woff","2"
"workbox-routing.prod.js","2"
"click","2"
"m=wmwg8b","2"
"do","2"
"FDCfont-Bold.woff","2"
"querySwithFromMDA","2"
"stats","2"
"index.jhtml","2"
"detail.do","2"
"op","2"
"moat.js","2"
"EventTarget.js","2"
"aaa","2"
"search.aspx","2"
"services","2"
"file.js","2"
"1f6b3000344dae7c23567","2"
"api3.do","2"
"29.html","2"
"startCaptcha3_addloo","2"
"news","2"
"m=FCpbqb,OJUrvb,WhJNk,_latency","2"
"cart","2"
"mqc","2"
"lrtk.js","2"
"order.html","2"
"function.js","2"
"11","2"
"account_info","2"
"slick.js","2"
"jquery.ztree.core-3.5.min.js","2"
"timg","2"
"nsrsbhcx.2abac6207bd661e87d70.js","2"
"manifest.3ad1d5771e9b13dbdad2.js","2"
"pay","2"
"getkaptchaimage","2"
"seed.js","2"
"pzcy.html","2"
"process","2"
"select2_locale_zh-CN.js","2"
"isCollect","2"
"tree.js","2"
"hot","2"
"freqCheck.js","2"
"is-fast-pay-qualified","2"
"DEPService","2"
"orderService.js","2"
"preview.js","2"
"ptloginout.js","2"
"top","2"
"addCart.js","2"
"qrcode.min.js","2"
"grid.locale-cn.js","2"
"TX0B002","2"
"20160130095226166","2"
"24247697","2"
"jqueryUtils.js","2"
"cap_union_new_verify","2"
"MotivaSans-Bold.ttf","2"
"welfare.html","2"
"conf","2"
"element.js","2"
"workbox-strategies.prod.js","2"
"overview","2"
"resources","2"
"toLoginOut","2"
"SetOSID","2"
"uibase.js","2"
"swiper.js.map","2"
"legacy.js","2"
"waf_block","2"
"logon.html","2"
"city","2"
"detail.htm","2"
"common.3b9b1833.js","2"
"read","2"
"rellax.min.js","2"
"postadd.html","2"
"saveWb.json","2"
"actions","2"
"feeds","2"
"topnav.js","2"
"1f6b50004c2f2a7c17546","2"
"homePageList","2"
"anchor","2"
"info.js","2"
"videojs-ie8.min.js","2"
"news.aspx","2"
"25365.html","2"
"unitivelogin","2"
"user-prepare.js","2"
"indexYYCG.asp","2"
"info_count.jsp","2"
"login_psw.csp","2"
"mail","2"
"order.js","2"
"dragula.min.js","2"
"map.js","2"
"message","2"
"css.do","2"
"root","2"
"11.0.1.js","2"
"prelogin.do","2"
"push.js","2"
"ads.js","2"
"jquery-1.11.0.min.js","2"
"anticheat.js","2"
"buffalo.js","2"
"subscriptionhome_V1.0.0.7_0_release_Build20190703162428.zip","2"
"nsrsbhcx.html","2"
"close.svg","2"
"zhishu_public%40tencent.com","2"
"masonry.pkgd.min.js","2"
"118.js","2"
"entry.ipp","2"
"guide","2"
