"full_path","count"
"/robots.txt"                                                                                                                                                                                                              ,"363"
"/login"                                                                                                                                                                                                                   ,"36"
"/web/zh/login/dlzt/query","31"
"/web/zh/register/rsa/gy/query","31"
"/wjmm.html","30"
"/srf/js/bundle.js","30"
"/srf/js/fzKeyboard.js","30"
"/web/zh/loginstatus/check","30"
"/web/zrr/kpzxx/list/query","30"
"/web/zh/wjmm/sfzc/check","29"
"/web/common/srf/getToken","29"
"/web/zrr/gy/gjhqd/list/query","29"
"/web/common/basecode/vn/CS_GY_ZSFZJLX","29"
"/@require","28"
"/web/zh/login/query/ewm","28"
"/web/common/captcha/image","28"
"/zrr/1abb785fd360c4065b8f054ee9108cbf.woff","28"
"/web/zh/wjmm/mm/update","27"
"/zrr/wjmm.c3a8f2d52e55fca5cbfa.js","27"
"/zrr/wjmm_lang.fd7c81e891475f6ed832.js","27"
"/yhdl.html","26"
"/zrr/vendor.bb5acd9154f84d24aba6.js","26"
"/generate_204","25"
"/web/zh/wjmm/yl/smrz","25"
"/web/zrr/ylfw/yzmcj/send","24"
"/web/zh/wjmm/yl/code/verify","24"
"/zrr/yhdl_lang.6e353341733f533d9081.js","21"
"/zrr/yhdl.d752cdbd65e2c5976f77.js","20"
"/manager/html"                                                                                                                                                                                                            ,"18"
"/edgedl/widevine-cdm/4.10.1196.0-mac-x64.zip","18"
"/zrr/index.367fceac1a7d32b1d907.js","17"
"/zrr/index_lang.92a0fb08a51d26c7103a.js","17"
"/vips-mobile/rest/operation/dynamic-config/v1","13"
"/squery","12"
"/index.php","12"
"/stat.htm","11"
"/vips-mobile/router.do","11"
"/web/zh/login/zhyzzt/query","11"
"/admin/"                                                                                                                                                                                                                  ,"10"
"/web/zh/login/zhmmdl","10"
"/web/zh/loginnum/find","10"
"/web/zrr/message/yhwdxxsl/query","10"
"/vips-mobile/rest/user/userType/get","10"
"/index.jsp"                                                                                                                                                                                                               ,"9"
"/vips-mobile/rest/layout/channel/data","9"
"/nmsw/","8"
"/upload"                                                                                                                                                                                                                  ,"8"
"/index.html"                                                                                                                                                                                                              ,"8"
"/ucas/login","8"
"/user/login"                                                                                                                                                                                                              ,"8"
"/admin/login","8"
"/pubNumService/pubinfo/","8"
"/popupservice/api/queryscene","8"
"/vips-mobile/rest/operation/switch/v1","8"
"/zrr/wjmm_lang.fa7f5a7dd1e4a4f23952.js","8"
"/vips-mobile/rest/shopping/search/entryword/v1","8"
"/vips-mobile/rest/configuration/get_mobile_switchs","8"
"/vips-mobile/rest/product/app/floatingLayer/pmc/query","8"
"/?","7"
"/s","7"
"/nmsw","7"
"/Captcha"                                                                                                                                                                                                                 ,"7"
"/bWAPP/login.php"                                                                                                                                                                                                         ,"7"
"/bWAPP/portal.php"                                                                                                                                                                                                        ,"7"
"/popupservice/api/updatejar","7"
"/vips-mobile/rest/h5/package","7"
"/vips-mobile/rest/operation/popup/v1","7"
"/vips-mobile/rest/operation/document/v1","7"
"/vips-mobile/rest/user/address/getAnalyzeAddress","7"
"/env","6"
"/log","6"
"/home","6"
"/search"                                                                                                                                                                                                                  ,"6"
"/index.htm","6"
"/login.jsp"                                                                                                                                                                                                               ,"6"
"/pubnumber","6"
"/z_stat.php","6"
"/js/common.js","6"
"/js/jquery.js","6"
"/WebResource.axd","6"
"/js/jquery.min.js","6"
"/amdc/mobileDispatch","6"
"/resources/images/blog.svg","6"
"/resources/js/labHeader.js","6"
"/resources/images/logoAcademy.svg","6"
"/zrr/wjmm.6ca4d1c544a646176cee.js","6"
"/zrr/vendor.544bf35a4c252d39d3cf.js","6"
"/resources/images/ps-lab-notsolved.svg","6"
"/vips-mobile/rest/user/msgcenter/syncinfo/v2","6"
"/vips-mobile/rest/user/msgcenter/categorylist/v2","6"
"/a","5"
"/user"                                                                                                                                                                                                                    ,"5"
"/admin","5"
"/Logout"                                                                                                                                                                                                                  ,"5"
"/bWAPP/"                                                                                                                                                                                                                  ,"5"
"/config","5"
"/api.php","5"
"/collect","5"
"/upload/"                                                                                                                                                                                                                 ,"5"
"/console/","5"
"/login.html"                                                                                                                                                                                                              ,"5"
"/user/logout"                                                                                                                                                                                                             ,"5"
"/analytics/upload","5"
"/bWAPP/sqli_1.php"                                                                                                                                                                                                        ,"5"
"/asf-logo-wide.svg","5"
"/bWAPP/js/html5.js"                                                                                                                                                                                                       ,"5"
"/zrr/yhdl_lang.c5bf874a6a5336571d16.js","5"
"/vips-mobile/rest/order/unpay_remind/v2","5"
"/user/service/user/current-user-info-for-homepage","5"
"/d","4"
"/g","4"
"/sa","4"
"/.lp","4"
"/conn","4"
"/jump","4"
"/tile","4"
"/join/","4"
"/tile/"                                                                                                                                                                                                                   ,"4"
"/console","4"
"/vector/","4"
"/api/user","4"
"/login.php","4"
"/logserver","4"
"/sso/login","4"
"/ltePortal/","4"
"/api/collect","4"
"/js/index.js","4"
"/default.aspx","4"
"/academyLabHeader","4"
"/swaggper-ui.html"                                                                                                                                                                                                        ,"4"
"/user/cookie/cache","4"
"/js/common/common.js","4"
"/js/jquery.cookie.js","4"
"/i/promotion/api/online"                                                                                                                                                                                                  ,"4"
"/usercenter/login/sync_login","4"
"/zrr/yhdl.563be1499f7c8f4177b7.js","4"
"/static/api/js/share.js?v=89860593.js","4"
"/lufax-public/jquery/jquery.8f23e923.js","4"
"/sec-info/service/mq/accept-device-info","4"
"/public/shared/fonts/MotivaSans-Light.ttf","4"
"/vips-mobile/rest/operation/lightart/templateContent/v1","4"
"/b","3"
"/.ws","3"
"/api","3"
"/v2/"                                                                                                                                                                                                                     ,"3"
"/owa/","3"
"/.git/","3"
"/index","3"
"/pingd","3"
"/pixel","3"
"/sw.js","3"
"/about/","3"
"/gateway","3"
"/u/92839","3"
"/404.html","3"
"/account/","3"
"/bs/file/"                                                                                                                                                                                                                ,"3"
"/embed.js","3"
"/login.do"                                                                                                                                                                                                                ,"3"
"/register","3"
"/test.php","3"
"/META-INF/","3"
"/check_sig","3"
"/downloads","3"
"/error.htm"                                                                                                                                                                                                               ,"3"
"/rqd/async","3"
"/error.html","3"
"/ewebeditor","3"
"/gateway.do"                                                                                                                                                                                                              ,"3"
"/index.aspx","3"
"/js/main.js","3"
"/js/menu.js","3"
"/socket.io/","3"
"/configprops","3"
"/ewebeditor/","3"
"/analytics.js","3"
"/api/web/stat","3"
"/account/login","3"
"/api/v1/config"                                                                                                                                                                                                           ,"3"
"/mobile/binary","3"
"/notFound.html","3"
"/web/zh/logout","3"
"/bundles/jquery","3"
"/login/transfer","3"
"/adsid/google/si","3"
"/adsid/google/ui","3"
"/js/bootstrap.js","3"
"/login/index.htm","3"
"/Public/js/tab.js","3"
"/account/settoken"                                                                                                                                                                                                        ,"3"
"/user/gerUserInfo","3"
"/bWAPP/xss_get.php"                                                                                                                                                                                                       ,"3"
"/js/layer/layer.js","3"
"/ltePortal/qrlogin","3"
"/ltePortal/version","3"
"/ScriptResource.axd","3"
"/bWAPP/commandi.php"                                                                                                                                                                                                      ,"3"
"/config/Android.conf","3"
"/js/bootstrap.min.js","3"
"/login/verifyId.json","3"
"/user/find-pwd-fillin","3"
"/user/get-user-status","3"
"/_/common/diagnostics/","3"
"/api/account/sso/login","3"
"/ltePortal/getServerIp","3"
"/js/jquery-1.7.2.min.js","3"
"/js/jquery-1.8.2.min.js","3"
"/js/jquery-3.3.1.min.js","3"
"/user/captcha/pre-check","3"
"/coremail/index_data.jsp","3"
"/public/js/jquery.min.js","3"
"/static/js/jquery.min.js","3"
"/user/user-context-error","3"
"/accounts/CheckConnection","3"
"/dvwa/dvwa/js/dvwaPage.js"                                                                                                                                                                                                ,"3"
"/js/analysis/analytics.js","3"
"/statics/js/jquery.min.js","3"
"/public/javascript/home.js","3"
"/public/javascript/main.js","3"
"/static/js/bootstrap.min.js"                                                                                                                                                                                              ,"3"
"/statics/js/search_common.js","3"
"/config/js/lib/jquery-1.7.1.js","3"
"/js/jquery/jquery-1.8.3.min.js","3"
"/provPortal/staff/browserValid","3"
"/statics/js/jquery.sgallery.js","3"
"/ltePortal/resources/js/area.js","3"
"/ltePortal/resources/js/login.js","3"
"/ltePortal/resources/js/common.js","3"
"/Public/ueditor/php/controller.php","3"
"/ltePortal/resources/js/qrLogin.js","3"
"/public/javascript/dynamicstore.js","3"
"/public/shared/javascript/login.js","3"
"/xhtml/js/jquery.SuperSlide.2.1.1.js","3"
"/provPortal/js/busi-js/staff/login.js","3"
"/user/service/login/captcha-authorize","3"
"/coremail/common/assets/login/login.js","3"
"/provPortal/merge/js/base-1.0.0.min.js","3"
"/public/shared/javascript/joinsteam.js","3"
"/vips-mobile/rest/cart/get_simple_cart","3"
"/provPortal/js/busi-js/staff/qrLogin.js","3"
"/public/shared/javascript/crypto/rsa.js","3"
"/wp-includes/js/wp-emoji-release.min.js","3"
"/zrr/index_lang.96015b7f73cd95a14f70.js","3"
"/public/javascript/broadcast_carousel.js","3"
"/public/shared/fonts/MotivaSans-Thin.ttf","3"
"/public/shared/javascript/crypto/jsbn.js","3"
"/public/shared/javascript/shared_global.js","3"
"/vips-mobile/rest/operation/refreshtime/v1","3"
"/ltePortal/resources/js/our-js/ec.dialog.js","3"
"/public/shared/fonts/MotivaSans-Regular.ttf","3"
"/ltePortal/resources/js/third-js/utils/md5.js","3"
"/lufax-public/lufax-lib/lufax-lib.e5531b60.js","3"
"/lufax-public/statistic/statistic.9a599d27.js","3"
"/public/shared/javascript/jquery-1.8.3.min.js","3"
"/lufax-components/lufax-components.0e6d46bb.js","3"
"/provPortal/js/third-js/jquery/jquery-1.7.2.js","3"
"/vips-mobile/rest/order/get_unpaid_order_count","3"
"/lufax-public/base/fonts/lufax-font.b9e95ecf.ttf","3"
"/lufax-public/fingerPrint/fingerPrint.65ef6213.js","3"
"/public/shared/fonts/motiva-sans-light-italic.ttf","3"
"/lufax-components/lufax-components.fund.d8d84d3f.js","3"
"/lufax-public/lufax-public/lufax-public.0d02b376.js","3"
"/ltePortal/resources/js/third-js/jquery/jquery-1.7.2.min.js","3"
"/ltePortal/resources/js/third-js/validate/jquery.ketchup.js","3"
"/ltePortal/resources/js/third-js/jquery/zebra-dialog/functions.js","3"
"/ltePortal/resources/js/third-js/validate/jquery.ketchup.helpers.js","3"
"/ltePortal/resources/js/third-js/jquery/zebra-dialog/zebra_dialog.src.js","3"
"/ltePortal/resources/js/third-js/validate/jquery.ketchup.validations_zh.js","3"
"/m","2"
"/q","2"
"/id","2"
"/js","2"
"/su","2"
"/th","2"
"/404"                                                                                                                                                                                                                     ,"2"
"/get","2"
"/rec","2"
"/v4/","2"
"/abdr","2"
"/cart","2"
"/info","2"
"/new/","2"
"/ssrf","2"
"/wcsp","2"
"/web/"                                                                                                                                                                                                                    ,"2"
"/Brand","2"
"/batch","2"
"/beans","2"
"/bs/js","2"
"/check","2"
"/dvwa/"                                                                                                                                                                                                                   ,"2"
"/ebvp/"                                                                                                                                                                                                                   ,"2"
"/ga.js","2"
"/help/","2"
"/i/jot","2"
"/jsapi","2"
"/kfgl/","2"
"/stat/","2"
"/user/","2"
"/wl.js","2"
"/Portal","2"
"/bs/js/","2"
"/bs/jsm"                                                                                                                                                                                                                  ,"2"
"/combo?","2"
"/csdnbi","2"
"/ip.php","2"
"/m.html","2"
"/rsp204","2"
"/sugrec","2"
"/user/1","2"
"/vds.js","2"
"/TX0B002","2"
"/bs/css/","2"
"/checkin","2"
"/fpv2.js","2"
"/get.php","2"
"/images/","2"
"/js/m.js","2"
"/MXJPQjVC","2"
"/api/sync","2"
"/app_logs","2"
"/callback","2"
"/collect/","2"
"/fortune/","2"
"/js/td.js","2"
"/rest/sur","2"
"/u/482425","2"
"/uploads/","2"
"/wsdk/img","2"
"/./Release","2"
"/11.0.1.js","2"
"/analytics","2"
"/api/batch","2"
"/api/login","2"
"/cgit.cgi/","2"
"/entry.ipp","2"
"/home.html","2"
"/kvcollect","2"
"/list.html","2"
"/pzcy.html","2"
"/r/collect","2"
"/timestamp","2"
"/tjAdd.asp","2"
"/u/1205973","2"
"/u/5711185","2"
"/undefined","2"
"/v1/events","2"
"/v3/report","2"
"/Jyinfo.asp","2"
"/Login.aspx","2"
"/access.php","2"
"/alitx.22.1","2"
"/api/config","2"
"/autoconfig","2"
"/coremail/s","2"
"/doorman/op","2"
"/fileupdate","2"
"/jijin/list","2"
"/js/base.js","2"
"/open/index","2"
"/proof.html","2"
"/reportUser","2"
"/stat/event","2"
"/u/11772027","2"
"/u/24247697","2"
"/u/56074352"                                                                                                                                                                                                              ,"2"
"/unify_logs","2"
"/wcsp_cache","2"
"/./InRelease","2"
"/.git/config","2"
"/api/version","2"
"/auth/login/","2"
"/dwr/util.js","2"
"/fir/t/v2/pt","2"
"/js/login.js","2"
"/saveWb.json","2"
"/search.aspx","2"
"/v3/log/init","2"
"/v3Jump.html","2"
"//admin/login","2"
"/LoginPage.do","2"
"/Message.aspx","2"
"/ServiceLogin","2"
"/api/data.htm","2"
"/app/@require","2"
"/chanpin_stat","2"
"/contact.aspx","2"
"/docs/doc.htm","2"
"/files/holder"                                                                                                                                                                                                            ,"2"
"/js/base64.js","2"
"/js/bundle.js","2"
"/portal/i.htm","2"
"/rest/api3.do","2"
"//logcount.php","2"
"/Ecalendar.asp","2"
"/Rank/teamRank","2"
"/RelatedSearch","2"
"/User/Loo.html","2"
"/admin/genCode","2"
"/admin/welcome","2"
"/cgi-bin/login","2"
"/download.html","2"
"/dwr/engine.js","2"
"/ebvp/randomid"                                                                                                                                                                                                           ,"2"
"/initMobileApp","2"
"/ipv6test/test","2"
"/js/crawler.js","2"
"/kfgl/login.do","2"
"/manifest.json"                                                                                                                                                                                                           ,"2"
"/mweb/mweb.zip","2"
"/nsrsbhcx.html","2"
"/s/aplus_v2.js","2"
"/translate_a/l","2"
"/user/@require","2"
"/user/activate"                                                                                                                                                                                                           ,"2"
"/+CSCOE+/win.js","2"
"/./Packages.bz2","2"
"/WebGoat/attack"                                                                                                                                                                                                          ,"2"
"/api/auth_token","2"
"/auth/devicekey","2"
"/aweme/v1/play/","2"
"/bundles/common","2"
"/cloan/open/log","2"
"/data/user/info"                                                                                                                                                                                                          ,"2"
"/dvwa/index.php"                                                                                                                                                                                                          ,"2"
"/dvwa/login.php"                                                                                                                                                                                                          ,"2"
"/login/dologin/","2"
"/mini_login.htm","2"
"/postToken.json","2"
"/AWSC/uab/118.js","2"
"/Public/js/gt.js","2"
"/Rank/getNumbers","2"
"/User/Loo/insert","2"
"/bundles/account","2"
"/complete/search"                                                                                                                                                                                                         ,"2"
"/connecttest.txt","2"
"/guangzhou/group","2"
"/housing/6538722","2"
"/js/common/ip.js","2"
"/js/lib/json2.js","2"
"/js/login/md5.js","2"
"/login/homeB.htm","2"
"/ltePortal/login","2"
"/mp/readtemplate","2"
"/scripts/main.js","2"
"/service/um.json","2"
"/user/toLoginOut","2"
"/User/Index/index","2"
"/User/Public/auth","2"
"/accounts/SetOSID","2"
"/api/roaminginfos","2"
"/applications.htm","2"
"/cgi-bin/httpconn","2"
"/cgi-bin/readmail","2"
"/ebvp/login/login"                                                                                                                                                                                                        ,"2"
"/login/getrsakey/","2"
"/new/asset/nav.js","2"
"/recaptcha/api.js","2"
"/upload/uploadimg","2"
"/uploadMobileData","2"
"/user/getUserInfo","2"
"/20160130091921933","2"
"/20160130092049701","2"
"/20160130094942084","2"
"/20160130095226166","2"
"/20160130100153100","2"
"/20160130100340444","2"
"/20160130100522663","2"
"/LoginSecurityCode","2"
"/Public/js/base.js","2"
"/Public/js/head.js","2"
"/Public/js/move.js","2"
"/Rank/whitehatRank","2"
"/User/Project.html","2"
"/admin/login/login","2"
"/cgi-bin/mail_list","2"
"/gateway/loginInfo","2"
"/ipproot/login.htm","2"
"/ipproot/login.jsp","2"
"/ksdk/updlist.json","2"
"/locate/v2/sdk/loc","2"
"/login/imgcode.htm","2"
"/new/asset/info.js","2"
"/new/asset/main.js","2"
"/popupservice/api/","2"
"/por/login_psw.csp","2"
"/rest/2.0/pcs/file","2"
"/static/js/wind.js","2"
"/user/login.action","2"
"/xhtml/js/index.js","2"
"/+CSCOE+/blank.html","2"
"/+CSCOE+/logon.html","2"
"/Public/js/index.js","2"
"/_/signin/sl/lookup","2"
"/am/portal/index.do","2"
"/cap_union_new_show","2"
"/coremail/index.jsp","2"
"/js/cart/addCart.js","2"
"/js/jquery-1.7.2.js","2"
"/loggw/logUpload.do","2"
"/static/js/login.js"                                                                                                                                                                                                      ,"2"
"/translate_a/single","2"
"/v3/login/api/auth/","2"
"/Public/js/domain.js","2"
"/app/login/login.jsp","2"
"/bWAPP/htmli_get.php"                                                                                                                                                                                                     ,"2"
"/cap_union_prehandle","2"
"/js/home/homeInit.js","2"
"/js/home/slideImg.js","2"
"/mx/rohr/rohr.min.js","2"
"//onlinevisite.js.php","2"
"/Public/js/handler.js","2"
"/account/unitivelogin","2"
"/accounts/SetSIDFrame","2"
"/api/check_app_update","2"
"/cap_union_new_verify","2"
"/ebvp/infopub/pubmain"                                                                                                                                                                                                    ,"2"
"/i/kingpay/api/online"                                                                                                                                                                                                    ,"2"
"/js/home/YlMarquee.js","2"
"/product/4635710.html","2"
"/service/2/app_alert/","2"
"/signin/v2/identifier","2"
"/source/stable/web.js","2"
"/static/js/ySelect.js","2"
"/Public/js/template.js","2"
"/_/signin/sl/challenge","2"
"/api/plugin/config/v1/","2"
"/channel/miniIndex.htm","2"
"/config/js/lib/form.js","2"
"/getMobileRedirectHost","2"
"/js/common/tracking.js","2"
"/kfgl/PictureCheckCode","2"
"/mxx/yoda/yoda.seed.js","2"
"/new/dep/static/esl.js","2"
"/odp/wireless/sdk/init","2"
"/recaptcha/api2/anchor","2"
"/recaptcha/api2/bframe","2"
"/static/js/frontend.js","2"
"/windows/shell/actions","2"
"/cashdesk/static/combo?","2"
"/ipproot/loginAction.do","2"
"/js/common/js.cookie.js","2"
"/js/jquery-1.8.1.min.js","2"
"/js/jquery-1.9.1.min.js","2"
"/recaptcha/api/fallback","2"
"/resources/js/common.js","2"
"/static/js/fastclick.js","2"
"/AboutXinfa/Js/Master.js","2"
"/Public/js/messageBox.js","2"
"/common/oauth2/authorize","2"
"/ies/speed/1555842982483","2"
"/js/admin_login/login.js","2"
"/js/lib/bootstrap.min.js","2"
"/js/lib/jquery.cookie.js","2"
"/js/login/rememberPWD.js","2"
"/payfe/zero/dist/moat.js","2"
"/static/ace/js/jquery.js","2"
"/autotime/dateandtime.xml","2"
"/bWAPP/commandi_blind.php"                                                                                                                                                                                                ,"2"
"/configsvr/serverlist.jsp","2"
"/dxmuc/logout/page_logout","2"
"/ebvp/index/indexlog/lxwm"                                                                                                                                                                                                ,"2"
"/ebvp/index/indexlog/zbgg"                                                                                                                                                                                                ,"2"
"/js/home/confirmDialog.js","2"
"/js/jquery.SuperSlide2.js","2"
"/new/asset/common/util.js","2"
"/new/asset/login/login.js","2"
"/static/js/cyberplayer.js","2"
"/static/web4.0/js/chat.js"                                                                                                                                                                                                ,"2"
"/user/js/base/unionrsa.js","2"
"/broker-service/api/single","2"
"/js/home/close_popLayer.js","2"
"/kfgl/checkLastComputer.do","2"
"/obj/1f2a50008ce026efc2bb3","2"
"/obj/1f4f50008527a95ffe3a5","2"
"/obj/1f6b3000344dae7c23567","2"
"/obj/1f6b50004c2f2a7c17546","2"
"/obj/1f6c60000a2f0520ef5b4","2"
"/obj/1f73f0003366e66b82fee","2"
"/obj/1f7ee00010e8e51148d07","2"
"/static/waplib/moonshad.js","2"
"/wsdSmart/base/js/layer.js","2"
"/wsdSmart/base/js/login.js","2"
"/Public/js/handler/index.js","2"
"/appupdate/legacy/appstatus","2"
"/dvwa/vulnerabilities/exec/"                                                                                                                                                                                              ,"2"
"/dvwa/vulnerabilities/sqli/"                                                                                                                                                                                              ,"2"
"/js/Ecalendar.jquery.min.js","2"
"/new/asset/common/events.js","2"
"/provPortal/js/4g-js/nav.js","2"
"/smp_in/services/DEPService","2"
"/static/ab77b6ea7f3fbf79.js","2"
"/static/js/jquery.cookie.js"                                                                                                                                                                                              ,"2"
"/static/js/main.6275e659.js"                                                                                                                                                                                              ,"2"
"/static/web4.0/js/jquery.js"                                                                                                                                                                                              ,"2"
"/v3/login/api/authopenbduss","2"
"/Public/js/lib/banner/rAF.js","2"
"/Public/js/lib/banner/run.js","2"
"/bea_wls_internal/wlscmd.jsp","2"
"/dvwa/vulnerabilities/xss_r/"                                                                                                                                                                                             ,"2"
"/ebvp/json/yqlj_simpchn.json"                                                                                                                                                                                             ,"2"
"/js/home/zoomToolAndColor.js","2"
"/js/jquery/jquery.blockUI.js","2"
"/js/jquery/jquery.jscroll.js","2"
"/js/lib/jquery-1.11.3.min.js","2"
"/js/login/poplogin_regist.js","2"
"/m-public/common.3b9b1833.js","2"
"/provPortal/staff/login/page","2"
"/recaptcha/api2/webworker.js","2"
"/security/0/pwd_find_reset/0","2"
"/v3/login/api/authopenbduss/","2"
"/view/admin_login/login.html","2"
"/wsdSmart/captcha/drawImg.do","2"
"/AboutXinfa/Js/showMessage.js","2"
"/assets/js/angular/angular.js","2"
"/dvwa/vulnerabilities/upload/"                                                                                                                                                                                            ,"2"
"/ebvp/index/indexlog/zhongbgg"                                                                                                                                                                                            ,"2"
"/lumi/js/base/base_da39cba.js","2"
"/new/dep/static/jquery.min.js","2"
"/provPortal/js/4g-js/other.js","2"
"/public/javascript/cluster.js","2"
"/resource/js/jquery.cookie.js","2"
"/secure/intserv/js/rsa/RSA.js","2"
"/user/service/system/otp-info","2"
"/user/trading-password-status","2"
"/view/admin_status/index.html","2"
"/wsdSmart/captcha/getToken.do","2"
"/xhtml/js/jquery-1.9.1.min.js","2"
"/AboutXinfa/GongSiJianJie.aspx","2"
"/Public/ueditor/ueditor.all.js","2"
"/User/Loo/startCaptcha3_addloo","2"
"/User/Project_apply/index.html","2"
"/analytics/upload?mType=beacon","2"
"/bootstrap/js/bootstrap.min.js","2"
"/ebvp/commonres/base/common.js"                                                                                                                                                                                           ,"2"
"/font/fontawesome-webfont.woff","2"
"/fortune/intserv/js/rsa/RSA.js","2"
"/js/jquery/jquery.jcarousel.js","2"
"/login/loginResultDispatch.htm","2"
"/new/dep/er/3.1.0/asset/URL.js","2"
"/new/dep/er/3.1.0/asset/tpl.js","2"
"/provPortal/js/4g-js/global.js","2"
"/resources/js/bootstrap.min.js","2"
"/static/js/0.434f3bcb.chunk.js"                                                                                                                                                                                           ,"2"
"/view/admin_login/tologin.html","2"
"/yunzhim/homePage/homePageList","2"
"/Public/js/jquery-1.10.2.min.js","2"
"/Public/ueditor/ueditor.conf.js","2"
"/gw/ugc/api/v1/product/comments","2"
"/html/gonggaoCQJY/indexCQJY.asp","2"
"/html/gonggaoJSGC/indexJSGC.asp","2"
"/html/gonggaoTDJY/indexTDJY.asp","2"
"/html/gonggaoYYCG/indexYYCG.asp","2"
"/html/gonggaoZFCG/indexZFCG.asp","2"
"/i/order/trade/online/tradeDict"                                                                                                                                                                                          ,"2"
"/js/common/jquery.ext.verify.js","2"
"/js/echarts-common-3.8.5.min.js","2"
"/kfgl/resources/admin/js/rng.js","2"
"/kfgl/resources/admin/js/rsa.js","2"
"/lumi/js/lumi/filter_f07e1eb.js","2"
"/lumi/js/lumi/search_8dd2195.js","2"
"/new/dep/er/3.1.0/asset/View.js","2"
"/new/dep/er/3.1.0/asset/ajax.js","2"
"/new/dep/er/3.1.0/asset/main.js","2"
"/new/dep/er/3.1.0/asset/util.js","2"
"/provPortal/js/4g-js/include.js","2"
"/provPortal/js/our-js/global.js","2"
"/provPortal/staff/login/logindo","2"
"/secure/intserv/js/lib/modal.js","2"
"/sofpro/bmyyqt/common/count.jsp","2"
"/wp-includes/js/wp-embed.min.js","2"
"/wsdSmart/base/js/jquery.min.js","2"
"/Public/js/handler/vul-submit.js","2"
"/group/v1/timestamp/milliseconds","2"
"/intl/zh-CN/mail/help/about.html","2"
"/kfgl/resources/admin/js/jsbn.js","2"
"/new/dep/er/3.1.0/asset/Model.js","2"
"/provPortal/properties/getObject","2"
"/secure/intserv/js/lib/legacy.js","2"
"/secure/intserv/js/rsa/BigInt.js","2"
"/static/ace/js/jquery.gritter.js","2"
"/static/web4.0/js/chat-socket.js"                                                                                                                                                                                         ,"2"
"/wp-includes/js/jquery/jquery.js","2"
"/dvwa/vulnerabilities/sqli_blind/"                                                                                                                                                                                        ,"2"
"/fortune/intserv/js/rsa/BigInt.js","2"
"/fortune/intserv/js/rsa/enctry.js","2"
"/js/My97DatePicker/WdatePicker.js","2"
"/kfgl/resources/admin/js/prng4.js","2"
"/new/asset/common/extension/er.js","2"
"/new/dep/er/3.1.0/asset/Action.js","2"
"/new/dep/er/3.1.0/asset/assert.js","2"
"/new/dep/er/3.1.0/asset/config.js","2"
"/new/dep/er/3.1.0/asset/events.js","2"
"/new/dep/er/3.1.0/asset/router.js","2"
"/provPortal/passwordMgr/updatePwd","2"
"/public/javascript/slick/slick.js","2"
"/public/javascript/youraccount.js","2"
"/secure/intserv/js/lib/gallery.js","2"
"/secure/intserv/js/rsa/Barrett.js","2"
"/secure/intserv/js/rsa/encrypt.js","2"
"/secure/intserv/js/util/mpulse.js","2"
"/staticv2/dep/common-login/api.js","2"
"/web/component/webpub/editable.js"                                                                                                                                                                                        ,"2"
"/account-front/query/total-balance","2"
"/ark/open_api/v0/express_companies","2"
"/content/cashdesk/statistic.min.js","2"
"/fortune/intserv/js/rsa/Barrett.js","2"
"/images/partner/T1IfJnXmRdXXXXXXXX","2"
"/ipproot/common/scripts/buffalo.js","2"
"/js/angular-packages-1.6.10.min.js","2"
"/kfgl/resources/admin/js/base64.js","2"
"/kfgl/resources/admin/js/common.js","2"
"/kfgl/resources/admin/js/enctry.js","2"
"/kfgl/resources/admin/js/jquery.js","2"
"/new/dep/er/3.1.0/asset/locator.js","2"
"/provPortal/orderQuery/areaTreeAll","2"
"/staticv2/dep/common-login/main.js","2"
"/zh_CN/htmledition/ajax_proxy.html","2"
"/zrr/index.343223fb35b1f83534d2.js","2"
"/Public/js/lib/jquery/jquery.md5.js","2"
"/Public/js/video/videojs-ie8.min.js","2"
"/Public/ueditor/lang/zh-cn/zh-cn.js","2"
"/bwapp/fonts/architectsdaughter.ttf"                                                                                                                                                                                      ,"2"
"/new/asset/common/extension/ajax.js","2"
"/new/dep/er/3.1.0/asset/Deferred.js","2"
"/new/dep/er/3.1.0/asset/template.js","2"
"/provPortal/js/4g-js/top_plugins.js","2"
"/provPortal/staff/querySwithFromMDA","2"
"/public/javascript/prototype-1.7.js","2"
"/resources/images/ps-lab-solved.svg","2"
"/secure/intserv/js/lib/custombox.js","2"
"/signin/v2/challenge/password/empty","2"
"/static/ace/fonts/OpenSans-300.woff","2"
"/static/ace/fonts/OpenSans-400.woff","2"
"/web/common/basecode/vn/DM_GY_GJHDQ","2"
"/Public/js//lib/jquery/jquery.md5.js","2"
"/fortune/intserv/js/dialog/Dialog.js","2"
"/fortune/intserv/js/jquery/jquery.js","2"
"/i/console/user/get_security_setting"                                                                                                                                                                                     ,"2"
"/ipproot/common/scripts/prototype.js","2"
"/lumi/js/lumi/lumi_public_d355d56.js","2"
"/new/asset/common/extension/json2.js","2"
"/public/shared/javascript/dselect.js","2"
"/public/shared/javascript/tooltip.js","2"
"/secure/intserv/js/lib/jquery.min.js","2"
"/static/global/pkg/g-tool_ad503c4.js","2"
"/static/js/8.19a277a430a05b415832.js","2"
"/user/service/user/current-user-info","2"
"/wsdSmart/base/js/TouchSlide.1.11.js","2"
"/wsdSmart/base/js/jquery-showMore.js","2"
"/1baf1b88-d200-35c1-8c60-a5082aaf555c","2"
"/Public/js/lib/banner/EasePack.min.js","2"
"/dvwa//dvwa/js/add_event_listeners.js"                                                                                                                                                                                    ,"2"
"/fortune/intserv/facade/blue/style.js","2"
"/fortune/intserv/js/util/freqCheck.js","2"
"/fortune/intserv/js/util/json2-min.js","2"
"/new/dep/er/3.1.0/asset/Observable.js","2"
"/new/dep/er/3.1.0/asset/controller.js","2"
"/new/dep/er/3.1.0/asset/datasource.js","2"
"/new/dep/er/3.1.0/asset/permission.js","2"
"/provPortal/js/third-js/json/json2.js","2"
"/secure/intserv/js/util/crossPlant.js","2"
"/zrr/nsrsbhcx.2abac6207bd661e87d70.js","2"
"/Public/js/lib/banner/TweenLite.min.js","2"
"/fortune/intserv/js/util/crossPlant.js","2"
"/ipproot/common/scripts/handleEnter.js","2"
"/new/dep/mini-event/1.0.0/asset/lib.js","2"
"/provPortal/js/4g-js/easydialog.min.js","2"
"/provPortal/js/busi-js/query/common.js","2"
"/provPortal/orderQuery/areaTreeAllMain","2"
"/secure/intserv/js/lib/user-prepare.js","2"
"/static/js/app.2a5e4a9ed85807464aa7.js","2"
"/vips-mobile/rest/operation/startup/v3","2"
"/ebvp/schedulecoll/langtrconller/langzl"                                                                                                                                                                                  ,"2"
"/fortune//intserv/facade/blue/image.jsp","2"
"/js/jquery/jquery.waterwheelCarousel.js","2"
"/new/asset/common/extension/ajaxCode.js","2"
"/public/javascript/rellax/rellax.min.js","2"
"/secure/intserv/js/lib/jquery-ui.min.js","2"
"/vips-mobile/rest/device/generate_token","2"
"/ebvp/commonres/base/jquery-1.7.2.min.js"                                                                                                                                                                                 ,"2"
"/gallery/vendors/echarts/map/js/china.js","2"
"/i/ucenter/Api/Authentication/authStatus"                                                                                                                                                                                 ,"2"
"/new/dep/mini-event/1.0.0/asset/Event.js","2"
"/provPortal/js/busi-js/order/areaTree.js","2"
"/public/shared/fonts/MotivaSans-Bold.ttf","2"
"/secure/intserv/js/secure/secureCheck.js","2"
"/seller/913fb12cc4c43ef8e321abde7e664452","2"
"/seller/eb477dff8c2a758bbd062b26f47a782c","2"
"/vips-mobile/rest/operation/draw-menu/v5","2"
"/yunzhim/personalCenter/showBrowseCourse","2"
"/fortune/intserv/facade/blue/js/mpulse.js","2"
"/gw/~da/~d~a/api/v1/~d~a/get~D~asBySlotId","2"
"/new/dep/esui/3.1.0-alpha.4/asset/main.js","2"
"/provPortal/js/4g-js/jquery.idTabs.min.js","2"
"/public/javascript/promo/salefunctions.js","2"
"/public/shared/javascript/user_reviews.js","2"
"/sofpro/bmyyqt/info_count/info_count3.jsp","2"
"/static/js/vendor.d32718ea8ea79b885b1b.js","2"
"/static/js/vendor.f1cf6c79610725a3713e.js","2"
"/assets/js/select2/select2_locale_zh-CN.js","2"
"/kfgl/resources/tpp-ecservice/js/jquery.js","2"
"/lumi/js/points/pointGlobal_new_27d13ec.js","2"
"/provPortal/js/4g-js/jquery.scrolltotop.js","2"
"/public/shared/fonts/MotivaSans-Medium.ttf","2"
"/public/shared/javascript/submitonenter.js","2"
"/static/ace/fonts/fontawesome-webfont.woff","2"
"/zrr/nsrsbhcx_lang.caf1b1aa3aac6f3b9b74.js","2"
"/new/dep/esui/3.1.0-alpha.4/asset/Dialog.js","2"
"/obj/ies-music/strong_beat/1631300799773707","2"
"/provPortal/js/busi-js/staff/fingerprint.js","2"
"/provPortal/js/busi-js/staff/passwordMgr.js","2"
"/static/js/manifest.2ae2e69a05c33dfc65f8.js","2"
"/static/js/manifest.3ad1d5771e9b13dbdad2.js","2"
"/static/js/manifest.d190b8738b976bdf8d35.js","2"
"/static/js/manifest.e5f69d702142560ba6a5.js","2"
"/dist/page/open/index-entry.pack.5b621c03.js","2"
"/wp-includes/js/jquery/jquery-migrate.min.js","2"
"/yunzhim/homePage/selectGoldModelTeacherList","2"
"/yunzhim/personalCenter/showCollectionCourse","2"
"/edgedl/widevine-cdm/4.10.1440.18-mac-x64.zip","2"
"/edgedl/widevine-cdm/4.10.1440.19-mac-x64.zip","2"
"/lumi/component/sidebar/js/sidebar_d42c19f.js","2"
"/new/dep/mini-event/1.0.0/asset/EventQueue.js","2"
"/provPortal/js/third-js/common/jqueryUtils.js","2"
"/public/javascript/scriptaculous/_combined.js","2"
"/api/push/client/notificationBarPermission/get","2"
"/dist/lib/jquery/jquery-1.12.4.min.668b046d.js","2"
"/jijin/resource/myFunds/jijin-list.00d530d6.js","2"
"/new/dep/mini-event/1.0.0/asset/EventTarget.js","2"
"/provPortal/js/third-js/ligerUI/ligerui.min.js","2"
"/yunzhim/personalCenter/showSignUpOutlineTrain","2"
"/ebvp/commonres/common/frame/src/js/top_menu.js"                                                                                                                                                                          ,"2"
"/provPortal/js/third-js/RiskManagement/rc.fp.js","2"
"/static/web4.0/js/reconnecting-websocket.min.js"                                                                                                                                                                          ,"2"
"/i/ucenter/Api/Authentication/getProvinceAndCity"                                                                                                                                                                         ,"2"
"/fortune/intserv/facade/blue/js/jquery.tooltip.js","2"
"/list/resource/require/require_config.3ada50c4.js","2"
"/mxlab/public/admin/capital/server_edit/id/2.html","2"
"/provPortal/js/third-js/RiskManagement/require.js","2"
"/api/haikuiopen/haikui/open/partner/account/detail","2"
"/jijin/resource/require/require_config.e24f55d8.js","2"
"/recaptcha/api2/v1561357937155/recaptcha__zh_cn.js","2"
"/ebvp/commonres/common/approve/src/js/UI.Approve.js"                                                                                                                                                                      ,"2"
"/public/shared/fonts/motiva-sans-regular-italic.ttf","2"
"/web/component/webpub/core/seajs2/dist/sea-debug.js"                                                                                                                                                                      ,"2"
"/zh-cn/public/shared/javascript/jquery-1.8.3.min.js","2"
"/Public/ueditor/third-party/codemirror/codemirror.js","2"
"/web/common/basecode/vn/CS_GY_ZSFZJLX_EXCLUDE_QTGRZJ","2"
"/ebvp/commonres/common/reminder/src/js/UI.Reminder.js"                                                                                                                                                                    ,"2"
"/fe_api/burdock/v1/board/5a72ade14ed4a03fb016f068/note","2"
"/list/resource/listing/main/newBigList/all.dd2736e4.js","2"
"/provPortal/js/third-js/RiskManagement/fingerprint2.js","2"
"/public/shared/javascript/shared_responsive_adapter.js","2"
"/ebvp/commonres/common/navigator/src/js/UI.Navigator.js"                                                                                                                                                                  ,"2"
"/ebvp/commonres/common/slideshow/src/js/UI.Slideshow.js"                                                                                                                                                                  ,"2"
"/ebvp/commonres/common/list_pager/src/js/UI.ListPager.js"                                                                                                                                                                 ,"2"
"/lufax-public/statistic_sdc/20141016.statistic_sdc.min.js","2"
"/Public/ueditor/third-party/zeroclipboard/ZeroClipboard.js","2"
"/ebvp/commonres/common/column_menu/src/js/UI.ColumnMenu.js"                                                                                                                                                               ,"2"
"/ebvp/commonres/common/drop_dialog/src/js/UI.DropDialog.js"                                                                                                                                                               ,"2"
"/ebvp/commonres/common/inner_flow/src/js/UI.OperationFlow.js"                                                                                                                                                             ,"2"
"/vips-mobile/rest/activity/coupon/product_coupon/list/status","2"
"/ebvp/commonres/common/countdown_timer/src/js/UI.Countdown.js"                                                                                                                                                            ,"2"
"/ebvp/commonres/common/drop_dialog/src/js/UI.DropDialog_bank.js"                                                                                                                                                          ,"2"
"/fortune/servlet/com.cntaiping.intserv.ebank.login.LoginServlet","2"
"/list/resource/listing/main/newUserList/newUserPage.6c8ae60b.js","2"
"/provPortal/js/third-js/jquery/jquery.overlay/jquery.overlay.js","2"
"/ebvp/commonres/common/operation_flow/src/js/UI.OperationFlow.js"                                                                                                                                                         ,"2"
"/secure/servlet/com.cntaiping.intserv.secure.UserActivateServlet","2"
"/edgedl/release2/update2/ANrcqf-u-0tl_1.3.34.7/GoogleUpdateSetup.exe","2"
"/edgedl/release2/chrome_component/AJscCiYKDsU6_1084/1084_all_sthset.crx3","2"
"/fortune/servlet/com.cntaiping.intserv.basic.auth.login.CrossApplyServlet","2"
"/edgedl/release2/chrome_component/APmo-x7vrEPj_34/34_win_fileTypePolicies.crx3","2"
"/dist/page/staticWebsite/distributionOfficialWebsite/index-entry.pack.dc09d9dc.js","2"
"/edgedl/release2/chrome_component/X8HKtb5_shk_5077/5077_all_crl-set-5269217659345873464.data.crx3","2"
"/soft.tbs.imtt.qq.com/17421/tbs_res_imtt_tbs_release_tbs_core_4.6.0.1058_044604_20190315_103310_nolg_fs_obfs.tbs","2"
"/mmcrhead/bNqVZcia7iaBzv6hj5SiaMZ2e4Gby0RgpCxLic3eDGRJ7rXJrP4THsBWHCfx3icIkJbvW0HPWdt1IbjmJ2Pxz9JMicHtliclZZk6iarg/0","2"
"/play-apps-download-default/download/by-id/AF3DWBexsd0viV96e5U9-SkM_V5zMdIPT1c4UOkY3FZy_SN1ueJQwbO7DR1AS9Exj7SpDPg67hydo4P3_0wcYzXUcyL5cqezu6DKM4s-YCNXQ_WbflUn1nU","2"
"/User/Public/checkLogin/code/NTg5Ym9LdFYveUNLV3BqVVBhcmZUTUlBaGhLLzUvdVk3Y1JNT1RPaDJFU1BBZUtDcFcvR0RZc1RMeGdqdXVxTVcxd1FHdCtNOCs3elZGNm9jaEVvb01UL2N3cVVtMjBKRDN6YUJGZkwvRUhWZGU2QURlL1VJNndQbmRjYnp2R1FWR2VoUWlYSTJUaw==","2"
