"parameter","count"
"v","359"
"t","324"
"type","175"
"r","169"
"s","164"
"callback","160"
"id","151"
"c","149"
"p","149"
"d","138"
"m","125"
"h","125"
"version","124"
"u","121"
"Q","119"
"f","114"
"a","114"
"W","113"
"url","111"
"k","107"
"l","107"
"E","106"
"key","103"
"b","103"
"n","103"
"g","100"
"channel","100"
"Z","98"
"os","97"
"x","97"
"token","95"
"I","93"
"o","93"
"Y","90"
"uid","88"
"uuid","86"
"J","86"
"2","84"
"password","83"
"platform","81"
"appid","81"
"1","80"
"timestamp","78"
"4","78"
"SID","76"
"6","76"
"3","76"
"8","76"
"lang","74"
"7","73"
"9","73"
"5","72"
"0","70"
"page","67"
"source","66"
"username","63"
"name","63"
"Mm","63"
"code","63"
"sign","61"
"action","61"
"service","60"
"filename","59"
"ver","59"
"userID","59"
"imei","56"
"AID","55"
"time","55"
"from","55"
"model","54"
"mType","54"
"ua","53"
"rf","53"
"ts","53"
"appVersion","52"
"mt","50"
"phone","45"
"deviceId","45"
"sdkVersion","44"
"data","43"
"app_name","43"
"status","43"
"title","42"
"pageSize","42"
"appkey","41"
"ct","40"
"os_version","39"
"client","39"
"language","39"
"app_version","39"
"lng","38"
"pid","38"
"term","38"
"vuin","37"
"pf","37"
"app","37"
"msgTime","37"
"cldver","37"
"cb","37"
"height","36"
"lat","36"
"method","35"
"mS","35"
"ref","34"
"ip","34"
"device_id","33"
"mn","33"
"pl","33"
"width","33"
"email","33"
"user_id","32"
"cityId","32"
"XM","32"
"tk","32"
"ac","32"
"mv","32"
"size","31"
"wybs","31"
"sfzjlxdm","30"
"rnd","30"
"mobile","30"
"did","30"
"mac","30"
"CP","29"
"sfzjhm","29"
"sjhmKey","29"
"gjhdqszDm","29"
"tt","29"
"city","29"
"netType","29"
"_t","28"
"city_id","28"
"brand","28"
"sv","28"
"_input_charset","28"
"locale","27"
"as","27"
"file","27"
"cid","27"
"appName","27"
"vcode","27"
"fr","27"
"ticket","27"
"dpi","27"
"sjyzmKey","27"
"domain","26"
"osVersion","26"
"count","26"
"device_type","26"
"rt","25"
"sjhm","25"
"ch","25"
"page_id","25"
"yhkh","25"
"referrer","25"
"lt","25"
"yzmcj","24"
"limit","24"
"keyword","24"
"client_id","24"
"hL","24"
"av","24"
"host","24"
"session_id","24"
"DS","24"
"DI","24"
"cv","24"
"sjyzm","24"
"pin","23"
"skey","23"
"rc","23"
"cms_redirect","23"
"shardbypass","23"
"path","23"
"version_name","23"
"rom","23"
"un","23"
"resolution","23"
"st","23"
"mip","23"
"client_type","22"
"productId","22"
"sessionId","22"
"datatype","22"
"nt","22"
"op","22"
"api_key","22"
"qt","22"
"warehouse","21"
"uin","21"
"osType","21"
"net","21"
"fP","21"
"level","21"
"state","21"
"loginType","21"
"device","21"
"rD","20"
"dt","20"
"errno","20"
"fdc_area_id","20"
"ce","20"
"other_cps","20"
"version_code","20"
"rand","20"
"ctoken","20"
"Lg","20"
"fs","20"
"province_id","20"
"deeplink_cps","20"
"format","20"
"product","20"
"ReturnUrl","20"
"tp","20"
"dg","20"
"mobile_channel","20"
"pwd","20"
"iv","19"
"value","19"
"mobile_platform","19"
"mars_cid","19"
"appver","19"
"category","19"
"lS","19"
"dn","19"
"FT","19"
"ext","19"
"Ck","19"
"ak","19"
"CI","19"
"flag","18"
"utm_source","18"
"scope","18"
"standby_id","18"
"device_model","18"
"sn","18"
"message","18"
"Et","18"
"VP","18"
"Ul","18"
"OL","18"
"nW","18"
"CC","18"
"spm","18"
"lc","18"
"An","18"
"guid","18"
"channel_flag","18"
"tz","18"
"latitude","17"
"JA","17"
"wd","17"
"Ns","17"
"channelId","17"
"longitude","17"
"sr","17"
"user_token","17"
"phone_model","17"
"OH","17"
"networkType","17"
"WS","17"
"start","17"
"AD","17"
"device_platform","17"
"Si","17"
"cmd","17"
"signature","17"
"res","17"
"clientVersion","17"
"Bi","17"
"iid","17"
"tid","16"
"mcc_mnc","16"
"area_id","16"
"bh","16"
"openudid","16"
"uI","16"
"sC","16"
"pageNo","16"
"suuid","16"
"ids","16"
"zi","16"
"os_api","16"
"dL","16"
"RID","16"
"_rticket","16"
"pageNum","16"
"_r","16"
"dM","16"
"update_version_code","16"
"query","16"
"FC","16"
"device_brand","16"
"manifest_version_code","16"
"Pt","16"
"country","16"
"ve","16"
"SA","15"
"dviceid","15"
"bU","15"
"_v","15"
"offset","15"
"to","15"
"sp","15"
"partner","15"
"scene","15"
"user","15"
"ss","15"
"sf","15"
"ssmix","15"
"tr","15"
"bw","15"
"Ei","15"
"PU","15"
"ni","15"
"Ec","15"
"encrypt","15"
"account","15"
"bZ","15"
"lv","15"
"traceid","15"
"pg","15"
"ut","15"
"maptype","15"
"content","15"
"carrier","15"
"FL","15"
"Ru","15"
"Fv","15"
"iE","15"
"utdid","15"
"ml","15"
"android_id","15"
"PA","15"
"UC","14"
"imsi","14"
"ER","14"
"verifyCode","14"
"msg","14"
"Xa","14"
"hs","14"
"jsoncallback","14"
"vid","14"
"sW","14"
"pN","14"
"hh","14"
"PD","14"
"jh","14"
"pageType","14"
"clientId","14"
"referer","14"
"tu","14"
"ot","14"
"zx","14"
"siteID","14"
"MI","14"
"bL","14"
"bt","14"
"Dc","14"
"output","14"
"zc","14"
"xx","14"
"RS","14"
"Ah","14"
"wa","14"
"area","14"
"vT","14"
"random","14"
"eK","14"
"BP","14"
"os_type","14"
"jb","14"
"iG","13"
"oxo_district","13"
"duration","13"
"PY","13"
"rq","13"
"cx","13"
"tpl","13"
"sdk","13"
"target","13"
"oV","13"
"FM","13"
"tI","13"
"Hw","13"
"MODE","13"
"cookie","13"
"oxo_province","13"
"cS","13"
"ZV","13"
"DA","13"
"Gi","13"
"newcustomer","13"
"iK","13"
"sig","13"
"TL","13"
"changeResolution","13"
"cityName","13"
"Ox","13"
"redirect_uri","13"
"ar","13"
"CR","13"
"Seq","13"
"AI","13"
"packageName","13"
"pi","13"
"deviceinfo","13"
"service_provider","13"
"Dv","13"
"otddid","13"
"Bs","13"
"Pr","13"
"YV","13"
"kt","13"
"oxo_city","13"
"sh","13"
"Fb","13"
"cuid","13"
"mid","13"
"O3","13"
"errmsg","13"
"num","13"
"if","13"
"origin","12"
"gr","12"
"countryCode","12"
"eP","12"
"ll","12"
"access_key_id","12"
"UserType","12"
"province","12"
"it","12"
"bd","12"
"Pp","12"
"refer","12"
"xT","12"
"district","12"
"bX","12"
"mas","12"
"Sl","12"
"mZ","12"
"expires","12"
"rI","12"
"tm","12"
"Au","12"
"dR","12"
"app_type","12"
"Dq","12"
"Lh","12"
"iB","12"
"MK","12"
"rb","12"
"pJ","12"
"oa","12"
"deviceType","12"
"ipType","12"
"ap","12"
"sdk_version","12"
"timezone","12"
"screen","12"
"lE","12"
"hB","12"
"tb","12"
"logid","12"
"sdkver","12"
"yM","12"
"En","12"
"extraInfo","12"
"bB","12"
"kC","12"
"ag","12"
"MB","12"
"lA","12"
"login","12"
"Yu","12"
"by","12"
"Pc","12"
"T1","12"
"Zw","12"
"Ne","12"
"UW","12"
"yO","12"
"json","11"
"uk","11"
"BSID","11"
"EH","11"
"vn","11"
"utm_medium","11"
"is","11"
"V1","11"
"Tn","11"
"lx","11"
"hM","11"
"rE","11"
"IH","11"
"rw","11"
"dlfs","11"
"cnzz_eid","11"
"Tc","11"
"error","11"
"Hk","11"
"pk","11"
"unick","11"
"Ew","11"
"qz","11"
"_callback","11"
"trip_country","11"
"activityId","11"
"20","11"
"umuuid","11"
"Ps","11"
"sY","11"
"ob","11"
"params","11"
"ug","11"
"src","11"
"Xy","11"
"location","11"
"terminal_id","11"
"eL","11"
"Ge","11"
"region","11"
"rm","11"
"Je","11"
"orderId","11"
"Dp","11"
"AB","11"
"is_preload","11"
"app_key","11"
"Cq","11"
"KL","11"
"C4","11"
"ntime","11"
"zone_id","11"
"__VIEWSTATE","11"
"jm","11"
"YP","11"
"in","11"
"rp","11"
"il","11"
"js_sdk_version","11"
"gS","11"
"ea","11"
"tag","11"
"yS","11"
"protocol","11"
"showp","11"
"origin_id","11"
"Q0","11"
"dlbz","11"
"BO","11"
"OC","11"
"Th","11"
"df","11"
"yZ","11"
"network","11"
"BG","11"
"device_vendor","11"
"yQ","10"
"ue","10"
"function","10"
"vc","10"
"Jv","10"
"bn","10"
"ou","10"
"gV","10"
"__skts","10"
"Uz","10"
"PageIndex","10"
"Zp","10"
"0g","10"
"hf","10"
"xz","10"
"cna","10"
"gX","10"
"qP","10"
"order","10"
"Dj","10"
"openid","10"
"rr","10"
"versionName","10"
"theme","10"
"ht","10"
"T5","10"
"date","10"
"N6","10"
"param","10"
"QC","10"
"__skua","10"
"oid","10"
"Jl","10"
"pos","10"
"j8","10"
"eB","10"
"VV","10"
"sM","10"
"Xh","10"
"md","10"
"cpu","10"
"up","10"
"im","10"
"xd","10"
"eG","10"
"hc","10"
"AQ","10"
"env","10"
"txyzm","10"
"vy","10"
"oQ","10"
"continue","10"
"de","10"
"bR","10"
"Xb","10"
"MG","10"
"Wk","10"
"mx","10"
"yr","10"
"He","10"
"platformVersion","10"
"8E","10"
"a7","10"
"Yy","10"
"Ic","10"
"Vd","10"
"12","10"
"Qs","10"
"city_code","10"
"KJ","10"
"Sb","10"
"startTime","10"
"yE","10"
"nn","10"
"bm","10"
"lk","10"
"dD","10"
"project","10"
"ca","10"
"EM","10"
"PQ","10"
"vS","10"
"mE","10"
"rl","10"
"Jw","10"
"hV","10"
"10","10"
"QE","10"
"scr","10"
"SD","10"
"yj","10"
"Bk","10"
"KP","10"
"C1","10"
"line","10"
"index","10"
"fid","10"
"userCode","10"
"nL","10"
"HU","10"
"qid","10"
"vz","10"
"eid","10"
"csid","10"
"cD","10"
"d4","10"
"FE","10"
"qq","10"
"ZS","10"
"categoryId","10"
"yX","10"
"UO","10"
"checkcode","10"
"__skck","10"
"c2","10"
"ef","10"
"zn","10"
"7Y","10"
"cf","10"
"39","10"
"__skcy","10"
"bV","10"
"ud","10"
"fingerprint","10"
"OI","10"
"cN","10"
"rX","10"
"goto","10"
"nm","10"
"Gh","10"
"po","10"
"my","10"
"fh","10"
"_P","10"
"Ao","10"
"VX","10"
"__skno","10"
"QA","10"
"gk","10"
"sk","10"
"Ly","10"
"currentpage","9"
"xV","9"
"Mc","9"
"auth","9"
"gn","9"
"pvid","9"
"_s","9"
"td","9"
"nF","9"
"r4","9"
"Od","9"
"wy","9"
"ia","9"
"c7","9"
"5g","9"
"channel_name","9"
"vendor","9"
"P5","9"
"wO","9"
"module","9"
"C9","9"
"age_group","9"
"DW","9"
"site","9"
"oz","9"
"lN","9"
"PV","9"
"1n","9"
"oK","9"
"captcha","9"
"Do","9"
"ZK","9"
"SO","9"
"5E","9"
"ED","9"
"Apikey","9"
"utm_term","9"
"tX","9"
"fn","9"
"mj","9"
"V6","9"
"NU","9"
"__EVENTVALIDATION","9"
"Yh","9"
"Gc","9"
"rj","9"
"actionType","9"
"rn","9"
"Fx","9"
"Ya","9"
"lD","9"
"XP","9"
"b9","9"
"nV","9"
"SG","9"
"Fi","9"
"yT","9"
"osVer","9"
"vM","9"
"lM","9"
"XI","9"
"Jo","9"
"app_id","9"
"Wc","9"
"gQ","9"
"KS","9"
"tW","9"
"gL","9"
"provinceName","9"
"response_type","9"
"Ej","9"
"mnc","9"
"Oe","9"
"2z","9"
"Y2","9"
"QG","9"
"zb","9"
"ty","9"
"eo","9"
"Bc","9"
"PM","9"
"UY","9"
"wx","9"
"Nr","9"
"menu_code","9"
"browser","9"
"load_more_token","9"
"sex_type","9"
"ii","9"
"us","9"
"SU","9"
"NB","9"
"at","9"
"aw","9"
"fj","9"
"kW","9"
"eQ","9"
"4W","9"
"JS","9"
"db","9"
"vu","9"
"Qo","9"
"3h","9"
"xf","9"
"nA","9"
"AL","9"
"jZ","9"
"_output_charset","9"
"oxo_area_id","9"
"hr","9"
"uc_param_str","9"
"tE","9"
"7s","9"
"bj","9"
"_token","9"
"vL","9"
"S4","9"
"j1","9"
"Fq","9"
"lF","9"
"wT","9"
"qd","9"
"Vg","9"
"Zr","9"
"Ju","9"
"FY","9"
"mH","9"
"logType","9"
"J?","9"
"k4","9"
"lW","9"
"Pb","9"
"Jj","9"
"zj","9"
"hd","8"
"qK","8"
"3l","8"
"uri","8"
"53","8"
"yk","8"
"kx","8"
"JT","8"
"tJ","8"
"uM","8"
"Wg","8"
"api","8"
"JF","8"
"terminal","8"
"nz","8"
"XG","8"
"7j","8"
"cm","8"
"ND","8"
"_U","8"
"9d","8"
"FK","8"
"2H","8"
"iQ","8"
"bizType","8"
"Xu","8"
"GF","8"
"cG","8"
"bE","8"
"cancel","8"
"Aa","8"
"Se","8"
"TripCountry","8"
"jsonp","8"
"xS","8"
"amount","8"
"zg","8"
"eu","8"
"b5","8"
"wI","8"
"Ee","8"
"event","8"
"6R","8"
"3I","8"
"kD","8"
"3t","8"
"trip_cityid","8"
"C0","8"
"Ql","8"
"4V","8"
"H6","8"
"WL","8"
"yL","8"
"dir","8"
"groupId","8"
"wF","8"
"h0","8"
"14","8"
"kB","8"
"2V","8"
"9P","8"
"Address","8"
"zm","8"
"A_","8"
"yW","8"
"6V","8"
"charset","8"
"rdm","8"
"m8","8"
"Rv","8"
"userAgent","8"
"18","8"
"NY","8"
"FF","8"
"wq","8"
"ClientType","8"
"jy","8"
"L6","8"
"M5","8"
"1e","8"
"vH","8"
"KV","8"
"co","8"
"sz","8"
"Ta","8"
"submit","8"
"VQ","8"
"hJ","8"
"es","8"
"pageName","8"
"Iu","8"
"gG","8"
"_tb_token_","8"
"CW","8"
"VB","8"
"ZY","8"
"Aj","8"
"SkU","8"
"redirect","8"
"zt","8"
"Gp","8"
"h1","8"
"FD","8"
"mf","8"
"KI","8"
"lp","8"
"HG","8"
"4t","8"
"kf","8"
"B3","8"
"areaName","8"
"ssig","8"
"floatingSourceType","8"
"gB","8"
"Du","8"
"OM","8"
"java","8"
"JK","8"
"ex","8"
"m_","8"
"0J","8"
"APIVersion","8"
"deviceKey","8"
"CU","8"
"Hx","8"
"1Z","8"
"Profile","8"
"Uv","8"
"Jn","8"
"wm","8"
"xL","8"
"2Q","8"
"v3","8"
"Bq","8"
"utc_offset","8"
"unionId","8"
"Oo","8"
"bdu","8"
"io","8"
"stoken","8"
"YN","8"
"Wr","8"
"req","8"
"zf","8"
"wsgsig","8"
"ww","8"
"nx","8"
"pageID","8"
"zoom","8"
"orderType","8"
"LB","8"
"fields","8"
"pw","8"
"switch_id","8"
"cache","8"
"Xo","8"
"r8","8"
"P0","8"
"Uu","8"
"Vi","8"
"No","8"
"hy","8"
"xq","8"
"channelCode","8"
"bduss","8"
"KID","8"
"mo","7"
"KK","7"
"Vj","7"
"s2","7"
"tokenid","7"
"a0","7"
"fmt","7"
"step","7"
"data_type","7"
"subject","7"
"family","7"
"d0","7"
"pE","7"
"D8","7"
"7f","7"
"retry_type","7"
"bid","7"
"ZD","7"
"yd","7"
"tG","7"
"location_country","7"
"mod","7"
"E6","7"
"5P","7"
"Hq","7"
"zo","7"
"businesstype","7"
"of","7"
"S5","7"
"Fu","7"
"cY","7"
"8z","7"
"expire","7"
"hZ","7"
"tv","7"
"oN","7"
"8C","7"
"P3","7"
"D?","7"
"7w","7"
"KU","7"
"JD","7"
"m7","7"
"JQ","7"
"len","7"
"noCache","7"
"i4","7"
"Ay","7"
"2S","7"
"nk","7"
"pixels","7"
"11","7"
"y?","7"
"mfr_info","7"
"hP","7"
"Lq","7"
"msid","7"
"rec","7"
"access","7"
"gt_ms","7"
"GJ","7"
"J_","7"
"dH","7"
"hash","7"
"xn","7"
"manufacturer","7"
"S1","7"
"iz","7"
"hO","7"
"authuser","7"
"fG","7"
"N1","7"
"Vk","7"
"fz","7"
"idx","7"
"xK","7"
"clientip","7"
"Ix","7"
"R1","7"
"32","7"
"gu","7"
"fW","7"
"bssid","7"
"pZ","7"
"fromu","7"
"tsift","7"
"6H","7"
"susig","7"
"mU","7"
"8O","7"
"sort","7"
"9a","7"
"_reqid","7"
"mp","7"
"f3","7"
"ro","7"
"K2","7"
"Qr","7"
"04","7"
"Nj","7"
"RG","7"
"qY","7"
"ssnerror","7"
"lU","7"
"sourceId","7"
"v4","7"
"action_name","7"
"OJ","7"
"6S","7"
"o_","7"
"ZE","7"
"wv","7"
"9K","7"
"gid","7"
"VW","7"
"wp","7"
"nc","7"
"Qi","7"
"P2","7"
"Bf","7"
"og","7"
"xc","7"
"IJ","7"
"wn","7"
"e8","7"
"gT","7"
"9U","7"
"l2","7"
"ji","7"
"screenWidth","7"
"w7","7"
"R2","7"
"rom_info","7"
"requestId","7"
"hN","7"
"Ph","7"
"61","7"
"aZ","7"
"F1","7"
"22","7"
"P4","7"
"versionCode","7"
"UR","7"
"gd","7"
"6B","7"
"ba","7"
"Li","7"
"ev","7"
"_e","7"
"2G","7"
"go","7"
"phone_type","7"
"0D","7"
"enc","7"
"utm_campaign","7"
"mA","7"
"fileid","7"
"xr","7"
"We","7"
"y0","7"
"Wh","7"
"Lo","7"
"u1","7"
"cL","7"
"endDate","7"
"bankCode","7"
"Fo","7"
"yG","7"
"tq","7"
"apptype","7"
"rh","7"
"S0","7"
"866817037710431","7"
"5m","7"
"w2","7"
"5b","7"
"kO","7"
"16","7"
"fa","7"
"Ka","7"
"19","7"
"o0","7"
"9C","7"
"Ez","7"
"nQ","7"
"Qh","7"
"Xe","7"
"v2","7"
"1t","7"
"s7","7"
"Vr","7"
"document_code","7"
"17","7"
"cz","7"
"location_cityid","7"
"ha","7"
"1m","7"
"IR","7"
"style","7"
"ContentId","6"
"page_size","6"
"sq","6"
"nonce","6"
"0t","6"
"I1","6"
"signType","6"
"F2","6"
"i?","6"
"Ow","6"
"_A","6"
"4U","6"
"7m","6"
"58","6"
"T9","6"
"mq","6"
"label","6"
"t_","6"
"device_fingerprint","6"
"1A","6"
"1I","6"
"s_url","6"
"number","6"
"3s","6"
"2k","6"
"n0","6"
"dX","6"
"I_","6"
"load","6"
"reason","6"
"sysVer","6"
"u9","6"
"84","6"
"47","6"
"requestCode","6"
"4e","6"
"4N","6"
"G5","6"
"device_fingerprint1","6"
"redirecturl","6"
"W8","6"
"3y","6"
"9f","6"
"user_tag","6"
"g8","6"
"qu","6"
"o8","6"
"0a","6"
"6k","6"
"QB","6"
"NP","6"
"y1","6"
"g2","6"
"endTime","6"
"Z4","6"
"C5","6"
"a2","6"
"smsCode","6"
"p8","6"
"h8","6"
"Q1","6"
"Kr","6"
"2c","6"
"o9","6"
"QW","6"
"market","6"
"2Y","6"
"0l","6"
"jsonpCallback","6"
"z1","6"
"functions","6"
"13","6"
"27","6"
"3m","6"
"5y","6"
"_id","6"
"q8","6"
"F6","6"
"25","6"
"total_fee","6"
"lastMsgId","6"
"Ng","6"
"ry","6"
"phx_wake_up_source","6"
"r6","6"
"i7","6"
"loginid","6"
"filter","6"
"e0","6"
"grant_type","6"
"S3","6"
"eY","6"
"0U","6"
"4K","6"
"authCode","6"
"G_","6"
"pdf","6"
"1g","6"
"54","6"
"sortType","6"
"act","6"
"cdnversion","6"
"lastNoticeId","6"
"phx_wake_up_type","6"
"login_type","6"
"D_","6"
"H_","6"
"x_","6"
"desc","6"
"C_","6"
"Gy","6"
"k9","6"
"jG","6"
"o?","6"
"JP","6"
"pkg","6"
"sign_type","6"
"qbkey","6"
"P1","6"
"8x","6"
"s6","6"
"md5","6"
"W_","6"
"K7","6"
"G6","6"
"tF","6"
"5s","6"
"1K","6"
"0i","6"
"showtype","6"
"userlat","6"
"Vo","6"
"c3","6"
"I8","6"
"func","6"
"color","6"
"force","6"
"h4","6"
"3J","6"
"XJ","6"
"ra","6"
"a1","6"
"H7","6"
"U3","6"
"gears","6"
"6e","6"
"6p","6"
"sdk_ver","6"
"PX","6"
"userlng","6"
"0S","6"
"9g","6"
"9Q","6"
"server","6"
"4I","6"
"_8","6"
"Ke","6"
"2m","6"
"N5","6"
"client_secret","6"
"y3","6"
"24","6"
"28","6"
"sdkv","6"
"Jr","6"
"Zz","6"
"kY","6"
"f7","6"
"7a","6"
"_n","6"
"web_id","6"
"realp","6"
"h5","6"
"3k","6"
"package_name","6"
"daid","6"
"2n","6"
"iw","6"
"R0","6"
"ttid","6"
"uj","6"
"9L","6"
"serviceName","6"
"zh","6"
"3E","6"
"pt_3rd_aid","6"
"0Y","6"
"5d","6"
"y8","6"
"X9","6"
"5T","6"
"cJ","6"
"v8","6"
"rK","6"
"show","6"
"left","6"
"qX","6"
"6m","6"
"dK","6"
"dns","6"
"sJ","6"
"zA","6"
"c8","6"
"dz","6"
"visitId","6"
"utm_content","6"
"d2","6"
"Zl","6"
"QV","6"
"RZ","6"
"display","6"
"I0","6"
"x3","6"
"deviceModel","6"
"upfile","6"
"A6","6"
"screenHeight","6"
"15","6"
"Ux","6"
"2E","6"
"rUrl","6"
"N3","6"
"t8","6"
"lr","6"
"otype","6"
"3p","6"
"wma","6"
"cityCode","6"
"2r","6"
"42","6"
"Kq","6"
"0Z","6"
"fla","6"
"event_id","6"
"8U","6"
"debug","5"
"9r","5"
"38","5"
"x4","5"
"4J","5"
"openbduss","5"
"78","5"
"_d","5"
"compress","5"
"U8","5"
"B1","5"
"31","5"
"dpr","5"
"newPassword","5"
"P7","5"
"buildId","5"
"7T","5"
"encode","5"
"Uh","5"
"out_trade_no","5"
"z6","5"
"isMobile","5"
"l5","5"
"2b","5"
"view","5"
"2x","5"
"wcp","5"
"9I","5"
"6u","5"
"X5","5"
"23","5"
"_z","5"
"ptredirect","5"
"W5","5"
"2o","5"
"0C","5"
"0N","5"
"6C","5"
"release","5"
"9V","5"
"attrs","5"
"8G","5"
"X8","5"
"clientTime","5"
"md_exper","5"
"21","5"
"M4","5"
"areaId","5"
"product_code","5"
"8k","5"
"7D","5"
"3W","5"
"1P","5"
"dcsuri","5"
"qN","5"
"00","5"
"o4","5"
"aF","5"
"href","5"
"7U","5"
"f0","5"
"passwd","5"
"Jc","5"
"U0","5"
"_c","5"
"1D","5"
"cardNo","5"
"5c","5"
"Z9","5"
"__","5"
"sceneCode","5"
"3d","5"
"d5","5"
"0E","5"
"41","5"
"6O","5"
"BankId","5"
"4o","5"
"access_token","5"
"1U","5"
"N9","5"
"user_type","5"
"F9","5"
"md_stime","5"
"realname","5"
"01","5"
"2l","5"
"stype","5"
"1Y","5"
"30","5"
"fst","5"
"_refts","5"
"xw","5"
"l1","5"
"screenSize","5"
"_idn","5"
"1r","5"
"T?","5"
"6D","5"
"top","5"
"5L","5"
"3g","5"
"a9","5"
"1b","5"
"7r","5"
"image_index","5"
"SEC","5"
"s9","5"
"plat","5"
"body","5"
"k0","5"
"types","5"
"lz","5"
"ptlang","5"
"N_","5"
"B2","5"
"j0","5"
"rows","5"
"__reqTraceID","5"
"YF","5"
"7e","5"
"redir","5"
"_idts","5"
"kg","5"
"0f","5"
"Km","5"
"0o","5"
"86","5"
"J3","5"
"_viewts","5"
"a3","5"
"sex","5"
"script","5"
"zQ","5"
"_J","5"
"81","5"
"parentId","5"
"R7","5"
"46","5"
"AltCatalogId","5"
"Z7","5"
"browserVersion","5"
"G0","5"
"auth_key","5"
"connect","5"
"0B","5"
"t6","5"
"v5","5"
"osName","5"
"9b","5"
"0V","5"
"8a","5"
"35","5"
"l9","5"
"yb","5"
"crc","5"
"form","5"
"5z","5"
"_idvc","5"
"7o","5"
"2p","5"
"tab","5"
"Q9","5"
"isLogin","5"
"8H","5"
"3A","5"
"2A","5"
"d9","5"
"o5","5"
"1v","5"
"T3","5"
"ucid","5"
"wsdl","5"
"UF","5"
"6l","5"
"partnerId","5"
"instance","5"
"d6","5"
"orderStatus","5"
"pv_id","5"
"N7","5"
"0P","5"
"validatecode","5"
"projectId","5"
"androidId","5"
"doClientVersion","5"
"startDate","5"
"8T","5"
"7h","5"
"source_id","5"
"69","5"
"subsid","5"
"signMethod","5"
"6t","5"
"brandId","5"
"telephone","5"
"sx","5"
"3C","5"
"idsite","5"
"7c","5"
"t4","5"
"b0","5"
"_lxsdk_rnd","5"
"45","5"
"z3","5"
"send_image","5"
"5J","5"
"4x","5"
"3o","5"
"1H","5"
"aX","5"
"price","5"
"R3","5"
"33","5"
"L4","5"
"8n","5"
"p9","5"
"1L","5"
"pic","5"
"skin","5"
"Gz","5"
"log","5"
"U7","5"
"3V","5"
"itemId","5"
"item_id","5"
"T7","5"
"40","5"
"Q6","5"
"wz","5"
"6X","5"
"rate","5"
"4D","5"
"ntt","5"
"79","5"
"Ipv6","5"
"biz","5"
"66","5"
"5a","5"
"6f","5"
"iy","5"
"project_id","5"
"9O","5"
"scale","5"
"__VIEWSTATEGENERATOR","5"
"H?","5"
"OR","5"
"logonId","5"
"regmaster","5"
"q3","5"
"4B","5"
"L0","5"
"plt","5"
"_Y","5"
"L_","5"
"g1","5"
"8W","5"
"strategy","5"
"group","5"
"link","5"
"x7","5"
"8m","5"
"QM","5"
"pt_aid","5"
"remark","5"
"49","5"
"8i","5"
"wj","5"
"50","5"
"o7","5"
"return_url","5"
"Ub","5"
"_K","5"
"_0","4"
"6J","4"
"customerID","4"
"j7","4"
"Z8","4"
"txtPassWord","4"
"qf","4"
"utmhn","4"
"scenario","4"
"logactid","4"
"businessId","4"
"wB","4"
"disposition","4"
"from_reg","4"
"gtm","4"
"sentry_client","4"
"stamp","4"
"cps_id","4"
"K5","4"
"74","4"
"domReadyTime","4"
"poiId","4"
"page_no","4"
"os_ver","4"
"lightart_version","4"
"arr","4"
"jx","4"
"serial","4"
"portrait","4"
"0?","4"
"styleid","4"
"1x","4"
"V9","4"
"answer","4"
"glogid","4"
"total","4"
"result","4"
"5x","4"
"orderNo","4"
"laTpCode","4"
"64","4"
"dip","4"
"searchType","4"
"dcssip","4"
"Q7","4"
"6N","4"
"cps_name","4"
"__EVENTARGUMENT","4"
"nodirect","4"
"0R","4"
"6G","4"
"Kz","4"
"C6","4"
"info","4"
"tel","4"
"CacheId","4"
"k8","4"
"f_url","4"
"h3","4"
"opId","4"
"orderBy","4"
"gM","4"
"iife","4"
"57","4"
"1555424676906","4"
"tags","4"
"clientype","4"
"4c","4"
"72","4"
"error_code","4"
"m0","4"
"ptsigx","4"
"autologin","4"
"N4","4"
"wareId","4"
"bizId","4"
"IsBackground","4"
"user_name","4"
"E9","4"
"sentry_key","4"
"pmpo","4"
"idfa","4"
"__EVENTTARGET","4"
"yC","4"
"29","4"
"08","4"
"60","4"
"1554733152282","4"
"7Q","4"
"manufacture","4"
"KN","4"
"securityId","4"
"R5","4"
"S8","4"
"md_hktkid","4"
"70","4"
"3b","4"
"IdNo","4"
"slr","4"
"26","4"
"session","4"
"score","4"
"7K","4"
"_ksTS","4"
"1555424678256","4"
"gotoURL","4"
"_ref","4"
"mem","4"
"L8","4"
"callbackUrl","4"
"7n","4"
"65","4"
"I5","4"
"ran","4"
"sentry_version","4"
"75","4"
"req_id","4"
"5k","4"
"3F","4"
"_f","4"
"7G","4"
"castk","4"
"1554733153573","4"
"productIds","4"
"34","4"
"37","4"
"x1","4"
"errorCode","4"
"4G","4"
"4S","4"
"7B","4"
"uwid","4"
"locCity","4"
"u5","4"
"dspid","4"
"filetype","4"
"1555425599063","4"
"7x","4"
"i2","4"
"9J","4"
"j9","4"
"weight","4"
"x6","4"
"Upload","4"
"2f","4"
"next","4"
"connectTime","4"
"word","4"
"cbk","4"
"E_","4"
"Hi","4"
"_seaside_gogo_","4"
"Y7","4"
"detect","4"
"pt_light","4"
"MW","4"
"4Z","4"
"h9","4"
"captype","4"
"trace","4"
"W9","4"
"t0","4"
"cat","4"
"b7","4"
"currency","4"
"z_","4"
"V7","4"
"low_login_hour","4"
"cus","4"
"alt","4"
"J6","4"
"Fun","4"
"async","4"
"cpwn","4"
"77","4"
"D3","4"
"5V","4"
"package","4"
"w4","4"
"51","4"
"handled","4"
"1555425600724","4"
"0M","4"
"_o","4"
"E7","4"
"Z2","4"
"certType","4"
"R?","4"
"superver","4"
"5i","4"
"uploaded","4"
"Ae","4"
"zone","4"
"w6","4"
"u?","4"
"3X","4"
"business_id","4"
"JSVER","4"
"z5","4"
"randcode","4"
"scl","4"
"u_","4"
"image","4"
"43","4"
"q2","4"
"RNK","4"
"71","4"
"_x","4"
"2D","4"
"_L","4"
"contentType","4"
"from_login","4"
"q5","4"
"super_frm","4"
"ssid","4"
"ndh","4"
"reqId","4"
"p6","4"
"O1","4"
"05","4"
"2T","4"
"gender","4"
"97","4"
"mobilePhone","4"
"modules","4"
"0X","4"
"36","4"
"topic","4"
"dev","4"
"laIdentifyCode","4"
"pt_login_type","4"
"2I","4"
"Zu","4"
"disturblevel","4"
"4a","4"
"u6","4"
"quantity","4"
"1q","4"
"_lu_uuid","4"
"xpc","4"
"end","4"
"V?","4"
"i3","4"
"articleId","4"
"k3","4"
"4L","4"
"m1","4"
"ptype","4"
"adt","4"
"8r","4"
"3n","4"
"O2","4"
"mkey","4"
"curcard","4"
"E3","4"
"e?","4"
"6z","4"
"Oy","4"
"sysName","4"
"_B","4"
"M3","4"
"56","4"
"sp_no","4"
"6I","4"
"z0","4"
"K1","4"
"X2","4"
"channelType","4"
"utype","4"
"network_type","4"
"zid","4"
"Ga","4"
"apppkg","4"
"pver","4"
"loginname","4"
"has_native","4"
"dcsdat","4"
"E1","4"
"va","4"
"lineno","4"
"rarg","4"
"Y4","4"
"urlref","4"
"street","4"
"geetest_challenge","4"
"submod","4"
"curcardtab","4"
"lid","4"
"randnum","4"
"1C","4"
"o6","4"
"7i","4"
"xmlns","4"
"_locale","4"
"7v","4"
"AIP","4"
"wu","4"
"88","4"
"8d","4"
"L7","4"
"net_condiction","4"
"auto","4"
"5W","4"
"v0","4"
"n2","4"
"dY","4"
"dcsqry","4"
"83","4"
"request","4"
"pay_type","4"
"operation","4"
"pt_aaid","4"
"m9","4"
"mkt","4"
"geetest_seccode","4"
"68","4"
"0Q","4"
"j_later","4"
"X0","4"
"ser","4"
"loc","4"
"4Q","4"
"P?","4"
"uQ","4"
"_G","4"
"2J","4"
"pageNumber","4"
"accountname","4"
"1w","4"
"subSource","4"
"site_id","4"
"atbc","4"
"identifier","4"
"5F","4"
"8Q","4"
"interval","4"
"applicationId","4"
"postId","4"
"imgType","4"
"json_ua","4"
"par","4"
"role","4"
"flowid","4"
"Y5","4"
"4M","4"
"5r","4"
"W0","4"
"4y","4"
"d7","4"
"Yg7","4"
"build","4"
"8Y","4"
"7P","4"
"geetest_validate","4"
"2u","4"
"userInfo","4"
"B6","4"
"notify_url","4"
"6q","4"
"seller_id","4"
"F8","4"
"_w","4"
"Downloaded","4"
"service_type","4"
"A4","4"
"G7","4"
"cardId","4"
"orgId","4"
"password_input","3"
"base","3"
"channel_id","3"
"browser_ver","3"
"net_type","3"
"force_login","3"
"U2","3"
"card_type","3"
"queryFlag","3"
"csrfToken","3"
"1554729448377","3"
"phoneNumber","3"
"mailid","3"
"age","3"
"gdpr","3"
"loginproxy","3"
"filt_type","3"
"vipruid","3"
"speed","3"
"noActiveX","3"
"para","3"
"tar","3"
"dcsref","3"
"details","3"
"sch","3"
"M2","3"
"policy","3"
"screen_height","3"
"sha","3"
"redirectType","3"
"1554733075011","3"
"xloan","3"
"source_app","3"
"subpro","3"
"curenv","3"
"productCode","3"
"naviStartedAt","3"
"baiduid","3"
"board","3"
"delay","3"
"cve","3"
"inputValue","3"
"DownloadedBPS","3"
"col","3"
"sess","3"
"interCode","3"
"w3","3"
"u_his","3"
"emailsteamid","3"
"sdtfrom","3"
"1554734805241","3"
"1555422154455","3"
"trimHeadFrames","3"
"tagName","3"
"_nr_force","3"
"kor","3"
"_rd","3"
"mcc","3"
"password_rsainput","3"
"sver","3"
"unloadEventEnd","3"
"new","3"
"deviceName","3"
"applicationVersion","3"
"gadsid","3"
"hardware","3"
"csrf_token","3"
"1554729691407","3"
"birthday","3"
"enabled","3"
"originHost","3"
"subjectid","3"
"vip_channel","3"
"7z","3"
"noBorder","3"
"userpwd","3"
"natbc","3"
"activity_id","3"
"onloadTime","3"
"utmsr","3"
"poiName","3"
"g_tk","3"
"schema","3"
"callId","3"
"STATION_ID","3"
"rsatimestamp","3"
"response","3"
"is_cold_start","3"
"captcha_text","3"
"order_no","3"
"1554733076912","3"
"gokey","3"
"transport","3"
"UserIP","3"
"registerChannel","3"
"visitor_id","3"
"WTIs","3"
"j5","3"
"Y9","3"
"merchant_user_id","3"
"ptcz","3"
"terminalid","3"
"wifi_mac","3"
"authtoken","3"
"period","3"
"store","3"
"1554303732414","3"
"u_java","3"
"62","3"
"loginfriendlyname","3"
"IMEI_CODE","3"
"accountType","3"
"IMSI_CODE","3"
"Q4","3"
"89","3"
"9S","3"
"vsig","3"
"stack","3"
"domContentLoadedEventEnd","3"
"utmje","3"
"unloadEventStart","3"
"gzip","3"
"methodName","3"
"_i","3"
"CSS","3"
"1554729696502","3"
"speedparams","3"
"prod","3"
"nation","3"
"E2","3"
"val1","3"
"J2","3"
"48","3"
"sampling","3"
"ner","3"
"polit","3"
"lastModifiedDate","3"
"vf","3"
"xhs_channel","3"
"55","3"
"cart_ver","3"
"video_id","3"
"1554734807586","3"
"exps","3"
"lstr","3"
"websig","3"
"requestStart","3"
"DownloadedCdn","3"
"isUnicomKing","3"
"storeCode","3"
"1554303733523","3"
"u_nmime","3"
"JoinRequestEvent","3"
"account_id","3"
"5b38fbf4e8ac2b51a7063f5d","3"
"isdialog","3"
"q_","3"
"Alg","3"
"R9","3"
"customerType","3"
"prop","3"
"tcp","3"
"density","3"
"ispc","3"
"domContentLoadedEventStart","3"
"Edq","3"
"pttype","3"
"_dc","3"
"appSource","3"
"1554729740703","3"
"exp","3"
"connectStart","3"
"bizline","3"
"LOGIN_IDEN_STRING","3"
"96","3"
"mobileNo","3"
"targetUrl","3"
"currPage","3"
"MR","3"
"raw","3"
"_3","3"
"menuId","3"
"donotcache","3"
"codeString","3"
"eventId","3"
"COMMUNITY_CODE","3"
"responseCode","3"
"ber","3"
"screen_width","3"
"xhs_g_s","3"
"confirmPassword","3"
"goodsName","3"
"agree","3"
"1554735295357","3"
"0H","3"
"orr","3"
"remember_login","3"
"month","3"
"ssuuid","3"
"9Z","3"
"DownloadedDoinc","3"
"font_size","3"
"g9","3"
"recordtype","3"
"1554623792649","3"
"MAC_ADDRESS","3"
"u_nplug","3"
"Item","3"
"94","3"
"ViewType","3"
"R_","3"
"6a","3"
"page_type","3"
"cdata","3"
"9?","3"
"modelId","3"
"certNo","3"
"ant","3"
"apn","3"
"captchaCode","3"
"gameId","3"
"1554729742846","3"
"fromDate","3"
"target_id","3"
"success","3"
"arg","3"
"client_version","3"
"J_aliedit_key_hidn","3"
"payment_type","3"
"c?","3"
"k6","3"
"utmul","3"
"folderID","3"
"sync_version","3"
"COMM_MODE","3"
"responseEnd","3"
"__token__","3"
"forward","3"
"URT","3"
"8_","3"
"1554734261635","3"
"goods_id","3"
"v25","3"
"1554735296908","3"
"encoding","3"
"hide","3"
"vUrl","3"
"4h","3"
"colno","3"
"A5","3"
"position","3"
"fpinfo","3"
"8V","3"
"gmkey","3"
"1554623794094","3"
"ConnAttempts","3"
"rev","3"
"search","3"
"ctype","3"
"vkey","3"
"sendType","3"
"utmn","3"
"open_bduss","3"
"G3","3"
"captchagid","3"
"buExt","3"
"1554730049711","3"
"isbg","3"
"clientKey","3"
"9e","3"
"bankName","3"
"_seaside_gogo_p","3"
"9N","3"
"qcom","3"
"J_aliedit_net_info","3"
"err","3"
"9W","3"
"sys","3"
"events","3"
"PeerId","3"
"cap_cd","3"
"returnPostURL","3"
"redirect_url","3"
"3z","3"
"1554734263943","3"
"source_flag","3"
"login_with_dxmuc","3"
"noheader","3"
"products","3"
"user_agent","3"
"clientuin","3"
"security_activeX_enabled","3"
"TCapIframeLoadTime","3"
"4?","3"
"k_","3"
"toDate","3"
"domainLookupEnd","3"
"utmcs","3"
"idPrefix","3"
"1554728556551","3"
"u_tz","3"
"tiba","3"
"subcvs","3"
"hwId","3"
"ClientCompactVersion","3"
"partnerCode","3"
"platform_type","3"
"prot","3"
"utmp","3"
"loadEventEnd","3"
"serviceid","3"
"begin","3"
"UploadedBPS","3"
"sdkType","3"
"1554730053060","3"
"phone_number","3"
"AQB","3"
"extra","3"
"context","3"
"front_bank_code","3"
"naviFrom","3"
"bnr","3"
"_seaside_gogo_pcid","3"
"gjid","3"
"J_aliedit_prod_type","3"
"addonName","3"
"tdT","3"
"far","3"
"IDI","3"
"utmwv","3"
"bdstoken","3"
"PeersWanted","3"
"in_app","3"
"clickUrl","3"
"n?","3"
"arch","3"
"current","3"
"e5","3"
"validNum","3"
"am","3"
"tcc","3"
"sendb","3"
"ss_mtest","3"
"domainLookupStart","3"
"utmdt","3"
"colorDepth","3"
"year","3"
"8p","3"
"UWO","3"
"02","3"
"3u","3"
"1554728558457","3"
"mail","3"
"u_w","3"
"connectEnd","3"
"referId","3"
"1555426035632","3"
"b?","3"
"8f","3"
"domInteractive","3"
"utmr","3"
"templateId","3"
"request_type","3"
"loadEventStart","3"
"issso","3"
"sceneval","3"
"uploader","3"
"logger","3"
"1554731269357","3"
"transaction","3"
"userIDs","3"
"tabID","3"
"originUrl","3"
"mobileType","3"
"80","3"
"backURL","3"
"secureConnectionStart","3"
"jw4vNF","3"
"i6","3"
"hid","3"
"J_aliedit_uid_hidn","3"
"zhr","3"
"4_","3"
"3r","3"
"u_ah","3"
"emailauth","3"
"hrr","3"
"_json_token","3"
"1554734593879","3"
"1554825065709","3"
"2W","3"
"b8","3"
"architecture","3"
"enterpriseFlag","3"
"REMOTE_PCID_NAME","3"
"46001","3"
"I9","3"
"cls","3"
"Lj","3"
"flash","3"
"8j","3"
"multi","3"
"postData","3"
"aadState","3"
"52","3"
"1554728619924","3"
"pageSource","3"
"1o","3"
"data_list","3"
"refresh","3"
"app_ver","3"
"alieditUid","3"
"radio","3"
"6W","3"
"ltoken","3"
"proto","3"
"Z?","3"
"challenge","3"
"cpn","3"
"token_secure","3"
"authId","3"
"jid","3"
"chk","3"
"configversion","3"
"redirectEnd","3"
"1554731272036","3"
"duid","3"
"sourceType","3"
"accessToken","3"
"5?","3"
"AQE","3"
"risk_app","3"
"signaturemethod","3"
"clientNo","3"
"5b7b70fca40fa320590002b7","3"
"wctx","3"
"j4","3"
"J_aliedit_using","3"
"addonVersion","3"
"createIframeStart","3"
"newsId","3"
"responseStart","3"
"device_token","3"
"ch_id","3"
"lastUpdateTime","3"
"u_aw","3"
"stu_champion","3"
"92","3"
"jsh","3"
"44","3"
"knr","3"
"ss_symbol","3"
"domComplete","3"
"utmfl","3"
"cnt","3"
"request_code","3"
"edge","3"
"unknown","3"
"Qj","3"
"k?","3"
"lanIp","3"
"application","3"
"1F","3"
"1554728622028","3"
"7L","3"
"nickname","3"
"frm","3"
"b4","3"
"1555426037534","3"
"markToken","3"
"json_tk","3"
"ttl","3"
"entry","3"
"oldpassword","3"
"ssl","3"
"ltr","3"
"loading","3"
"rds_form_token","3"
"totaltime","3"
"resp","3"
"is_activated","3"
"inviteCode","3"
"evt","3"
"redirectStart","3"
"1554731395382","3"
"kH","3"
"times","3"
"CLe","3"
"itr","3"
"search_id","3"
"extrajson","3"
"risk_partner","3"
"productCategory","3"
"navigationStart","3"
"Q?","3"
"seller_email","3"
"sso_hid","3"
"VUC","3"
"downloadCount","3"
"a3_token","3"
"h2","3"
"lastVersion","3"
"u_cd","3"
"orgCode","3"
"stu_channel","3"
"1554734595108","3"
"1554825067490","3"
"show_step_bar","3"
"osid","3"
"B_","3"
"ext_data","3"
"twofactorcode","3"
"bootloader","3"
"utmhid","3"
"resource","3"
"forcestyle","3"
"steamid","3"
"RestrictedUpload","3"
"1554729437280","3"
"phoneNum","3"
"PVi","3"
"nid","3"
"prehandleLoadTime","3"
"rip","3"
"payId","3"
"isPreview","3"
"utmsc","3"
"fetchStart","3"
"07","3"
"elr","3"
"order_by","3"
"string","3"
"1554731397481","3"
"access_key","3"
"N8","3"
"SubnetMask","3"
"risk_platform","3"
"userToken","3"
"clientsource","3"
"BAIDUCUID","3"
"securityAuthLoginStatus","3"
"ReportedIp","3"
"j_password","3"
"4F","3"
"isTrust","3"
"t_t","3"
"responsetime","3"
"EIO","3"
"u_h","3"
"nH","3"
"diagnostics","3"
"emailRegisterFrom","3"
"loginFlag","3"
"category_id","2"
"cts","2"
"1555422153423","2"
"map_type","2"
"accounts","2"
"osidt","2"
"cd3","2"
"areaCode","2"
"max_cursor","2"
"blogId","2"
"1_8","2"
"nbr","2"
"render","2"
"gsuid","2"
"promotionType","2"
"nc_token","2"
"5ce3cd30000000000f00bb39","2"
"umidToken","2"
"rank","2"
"cwu","2"
"initDomTreeTime","2"
"plugin","2"
"ans","2"
"bcchecksum","2"
"desmobile","2"
"server_id","2"
"installDate","2"
"api_version","2"
"GL_EXT_sRGB_write_controlz","2"
"resourceId","2"
"upgrade_mobile","2"
"real_name","2"
"capital_id","2"
"versionIncremental","2"
"credential","2"
"GL_OES_sample_variablesz","2"
"dream2qltezh2","2"
"cipher","2"
"connectiontime","2"
"preIp","2"
"userEmail","2"
"ucp","2"
"isauto","2"
"klnt","2"
"OeT","2"
"content_id","2"
"rIr","2"
"acid","2"
"1_","2"
"iwr","2"
"alipay_exterface_invoke_assign_client_ip","2"
"linkid","2"
"support","2"
"roleId","2"
"UsrName","2"
"flowName","2"
"onload","2"
"menu","2"
"GL_EXT_buffer_storagez","2"
"rPC","2"
"tom","2"
"utmSource","2"
"add_status","2"
"p13","2"
"Zhb","2"
"checkedDomains","2"
"appcacheTime","2"
"GL_OES_blend_func_separatez","2"
"commonUpload","2"
"RespMsg","2"
"mvi","2"
"s_app","2"
"GL_OES_texture_npotz","2"
"loginAreaName","2"
"transform","2"
"expiration","2"
"timeFrom","2"
"zuz","2"
"itype","2"
"fromSite","2"
"5ab98a974eacab561a3b55a3b","2"
"ccd","2"
"visitorId","2"
"pixel","2"
"maxAppVersion","2"
"aKA","2"
"nodetect","2"
"risk_smsPrefixId","2"
"PARA_TYPE","2"
"SignatureVersion","2"
"SecurityCode","2"
"866817037710431Z","2"
"include_entities","2"
"srt","2"
"sir","2"
"closedroadstyle_trafficmode","2"
"cfv","2"
"kyr","2"
"android_id_md5","2"
"coupon_id","2"
"icon","2"
"requestScema","2"
"LM_ID","2"
"unique_id","2"
"SWS","2"
"_6","2"
"GL_EXT_external_bufferz","2"
"slot","2"
"v_","2"
"SystemCode","2"
"4R","2"
"AuthTimeout","2"
"sms_code","2"
"1CE","2"
"CIA","2"
"_ga","2"
"GL_QCOM_texture_foveatedz","2"
"Nh4","2"
"RetutnUrl","2"
"wm_longitude","2"
"bind_mobile_token","2"
"logInfo","2"
"Yo6","2"
"_login_user_name","2"
"ctsa","2"
"picNum","2"
"mark","2"
"0K","2"
"bj8","2"
"page_source","2"
"priority","2"
"from_device","2"
"xRD","2"
"rkey","2"
"volume","2"
"46001z","2"
"ktY","2"
"gsurl","2"
"platformid","2"
"f2a","2"
"country_code","2"
"5ce603db0000000006028718","2"
"owner","2"
"VSG","2"
"attach","2"
"guide_upgrade_mobile","2"
"errorVM","2"
"utmht","2"
"temp","2"
"request_id","2"
"EDM","2"
"_a5","2"
"GL_EXT_tessellation_shaderz","2"
"NUS","2"
"browser_version","2"
"upgrade_mobile_token","2"
"chid","2"
"opSystem","2"
"screenResolution","2"
"capital_type","2"
"GL_OES_standard_derivativesz","2"
"per_page","2"
"PUM","2"
"03","2"
"gdpr_consent","2"
"pageTitle","2"
"ckey","2"
"accepttime","2"
"class","2"
"item_type","2"
"yshu_fulishe_2155_2h","2"
"CBH","2"
"app_version_name","2"
"1557798112064","2"
"logversion","2"
"sidt","2"
"1_1","2"
"clienth","2"
"OSSku","2"
"ogt","2"
"val","2"
"alipay_exterface_invoke_assign_model","2"
"DKF","2"
"ENU","2"
"ukr","2"
"9m","2"
"supportAbis","2"
"indoormap_config","2"
"f5","2"
"355","2"
"sjF","2"
"addfeaturesnoexpansion","2"
"hits","2"
"mrn_version","2"
"y6","2"
"GL_EXT_clip_cull_distancez","2"
"codeLen","2"
"jdreactapp","2"
"reqVersion","2"
"appCode","2"
"GL_OES_depth24z","2"
"PE4","2"
"behavior","2"
"setpwdswitch","2"
"middle_id","2"
"3q","2"
"GL_OES_vertex_array_objectz","2"
"thr","2"
"1IP","2"
"aXu","2"
"hasfast","2"
"Phq","2"
"google_cver","2"
"treeId","2"
"manuf","2"
"encoded","2"
"fromSource","2"
"gps_access","2"
"q0U","2"
"risk_smsTemplateId","2"
"enr","2"
"1_2","2"
"e4","2"
"gsltime","2"
"notKeepLogin","2"
"passive","2"
"promoId","2"
"earned","2"
"flag1","2"
"SavePassWord","2"
"play_time","2"
"android_id_sha1","2"
"serialno","2"
"isRoot","2"
"SWSID","2"
"_7","2"
"GL_EXT_geometry_shaderz","2"
"numberOfResults","2"
"reserved1","2"
"SESSID","2"
"zh_CN","2"
"UpdateRing","2"
"fontScale","2"
"status_machine","2"
"GL_OES_framebuffer_objectz","2"
"dqv","2"
"responseTotalTime","2"
"Uqe","2"
"exception_marking","2"
"joinkey","2"
"pre","2"
"hasSDCard","2"
"91","2"
"cateid","2"
"_login_verify_code","2"
"CtsSyncId","2"
"markers","2"
"logout","2"
"SHPIC","2"
"rel","2"
"d_visid_ver","2"
"secondary_merchant_industry","2"
"KOT49H","2"
"grade","2"
"82","2"
"sign_account","2"
"Nbx","2"
"9iG","2"
"46002","2"
"gsver","2"
"sAction","2"
"ssel","2"
"BossId","2"
"5ce8b12b00000000060122f1","2"
"L0e","2"
"plugins","2"
"x5secdata","2"
"SKIP_AUTH","2"
"addressId","2"
"5h","2"
"channel_no","2"
"GL_EXT_texture_border_clampz","2"
"browser_version_name","2"
"text","2"
"resourcePath","2"
"versionRelease","2"
"GL_OES_stencil_wrapz","2"
"rsv_sid","2"
"eversion","2"
"gaid","2"
"jmddToSmartEntry","2"
"themeType","2"
"logContent","2"
"mYF","2"
"orderNum","2"
"queryId","2"
"Kfl","2"
"dtime","2"
"Nii","2"
"day","2"
"vir","2"
"apv","2"
"hybridVersion","2"
"sidx","2"
"userRole","2"
"wcrpto_vec","2"
"tt_data","2"
"alipay_exterface_invoke_assign_sign","2"
"0W","2"
"www","2"
"programme","2"
"nb_platform","2"
"5c9b3dc60000000017033ac4b","2"
"ram","2"
"indoorpoi_icon","2"
"356","2"
"6y","2"
"Ibm","2"
"paymentType","2"
"protocolType","2"
"requestData","2"
"wex","2"
"mrr","2"
"_2","2"
"standalone","2"
"GL_EXT_color_buffer_floatz","2"
"rpe","2"
"err_no","2"
"req_from","2"
"point","2"
"isSupportShort","2"
"syncTime","2"
"creatCode","2"
"GL_OES_depth_texturez","2"
"total_amount","2"
"BSq","2"
"hotpatch_version","2"
"ygz","2"
"stm","2"
"GL_OES_vertex_half_floatz","2"
"buildNumber","2"
"thread","2"
"shaOne","2"
"urr","2"
"1j","2"
"sdk_api_version","2"
"FileCode","2"
"kHq","2"
"kind","2"
"ahr","2"
"hur","2"
"it_b_pay","2"
"yUE","2"
"fir","2"
"AQS","2"
"remember","2"
"5bdf1393f86c1400018bdbbbb","2"
"balance_amount","2"
"os_version_name","2"
"ce4","2"
"QAG6","2"
"ValidCode","2"
"allTime","2"
"notLoadSsoView","2"
"reportType","2"
"5cc6f45b0000000017013f89b","2"
"bank_no","2"
"flag2","2"
"sUrl","2"
"j_username","2"
"root","2"
"dom","2"
"lus","2"
"provinceCode","2"
"utmac","2"
"SWSPID","2"
"OOO","2"
"GL_EXT_gpu_shader5z","2"
"H3e","2"
"interfaceId","2"
"status_os","2"
"GL_OES_get_program_binaryz","2"
"btnOK","2"
"event_log_start","2"
"component","2"
"response_code","2"
"orderDirection","2"
"scscene","2"
"bundleId","2"
"Phn","2"
"macStr","2"
"pv0","2"
"sop","2"
"conn","2"
"0aF","2"
"preCheckTimes","2"
"usc","2"
"waitingtime","2"
"styleType","2"
"app_display","2"
"93","2"
"filr","2"
"mob","2"
"subcapclass","2"
"spam","2"
"6?","2"
"lgtoken","2"
"areaLeve","2"
"MAX_FILE_SIZE","2"
"jumpset","2"
"product_id","2"
"nb_app","2"
"sacu","2"
"rn_routerName","2"
"baseCurrency","2"
"umode","2"
"oneplus_sdk_utilsJ","2"
"stackType","2"
"glr","2"
"x5step","2"
"utmjid","2"
"jda","2"
"whiteScreenTime","2"
"bckv","2"
"unloadEventTime","2"
"tzone","2"
"installer_package","2"
"methods","2"
"GL_EXT_texture_bufferz","2"
"m01","2"
"uUS","2"
"localprojectid","2"
"session_count","2"
"captchaApp","2"
"versionSdkinit","2"
"GL_OES_surfaceless_contextz","2"
"pev2","2"
"UXQ","2"
"confid","2"
"is_online","2"
"ipr","2"
"dtk","2"
"pageurl","2"
"shopId","2"
"userAccount","2"
"frequency","2"
"rfmt","2"
"https","2"
"classId","2"
"Wbh","2"
"parameters","2"
"wcrpto_ver","2"
"dct","2"
"secstate","2"
"vlw","2"
"85","2"
"alipay_exterface_invoke_assign_target","2"
"nb_source","2"
"linksource","2"
"8B","2"
"c50","2"
"357","2"
"payment_inst","2"
"isr","2"
"onload_time","2"
"GL_EXT_color_buffer_half_floatz","2"
"brower_id","2"
"pstMsg","2"
"utmu","2"
"wid","2"
"checkin","2"
"callTime","2"
"fcityid","2"
"GL_OES_depth_texture_cube_mapz","2"
"bsr","2"
"8S","2"
"qr_pay_mode","2"
"dRT","2"
"loginBtn","2"
"ima","2"
"ctm","2"
"google_gid","2"
"hurlcn","2"
"showTab","2"
"yUH","2"
"tsel","2"
"pi_form","2"
"wtrealm","2"
"entered_imagecode","2"
"signFrom","2"
"gsref","2"
"xua","2"
"plant_id","2"
"0_","2"
"sitecode","2"
"ncoSessionid","2"
"sem","2"
"flag3","2"
"asyn","2"
"OnePlus","2"
"vAx","2"
"courseId","2"
"provinceid","2"
"utmcc","2"
"der","2"
"msgID","2"
"typeId","2"
"mesh","2"
"apiLevel","2"
"GL_EXT_memory_objectz","2"
"ptime","2"
"networkOperatorType","2"
"5n","2"
"interfaceName","2"
"status_version","2"
"verify_type","2"
"create_time","2"
"GL_OES_matrix_palettez","2"
"permanent_id","2"
"response_mode","2"
"devModel","2"
"_gid","2"
"vgz","2"
"csor","2"
"keywords","2"
"63","2"
"abtestId","2"
"CJM","2"
"categoryCode","2"
"_KT","2"
"watermark","2"
"dateBegin","2"
"kkr","2"
"sparams","2"
"SHT","2"
"from_lat","2"
"currenttime","2"
"prodversion","2"
"superSwitch","2"
"46002B","2"
"rn_transparentenable","2"
"5cef8cdb000000000702ff1e","2"
"densityDpi","2"
"sendtime","2"
"9T","2"
"svid","2"
"oneplus_sdk_wrapperJ","2"
"templateCode","2"
"bcl","2"
"c_pl","2"
"tzone_offset","2"
"callbackUrlForSecurity","2"
"GL_EXT_texture_format_BGRA8888z","2"
"ptui_identifier","2"
"command","2"
"adSlotId","2"
"resourceUrl","2"
"beforeFetchTime","2"
"localUrl","2"
"isWechat","2"
"optimusCode","2"
"8Qu","2"
"GL_OES_texture_3Dz","2"
"config","2"
"thirdlogin","2"
"dtm","2"
"loginScene","2"
"htcmd","2"
"prespm","2"
"isbeta","2"
"7_","2"
"spId","2"
"lookupDomainTime","2"
"dcZ","2"
"firstPaintTime","2"
"moduleID","2"
"c17","2"
"pass","2"
"nb_uuid","2"
"FKJ","2"
"samsung","2"
"IndustryCode","2"
"ssn","2"
"UNICOM","2"
"_viewReferer","2"
"L3","2"
"GL_EXT_copy_imagez","2"
"idfv","2"
"codeType","2"
"loadTime","2"
"checkinDate","2"
"isSystemApp","2"
"operator","2"
"yC5","2"
"GL_OES_draw_texturez","2"
"140","2"
"newpwd","2"
"beta","2"
"_format_","2"
"vfk","2"
"GL_OVR_multiviewz","2"
"keyindex","2"
"uzr","2"
"is_third_party","2"
"ordSeqId","2"
"sdk_type","2"
"RWe","2"
"expKey","2"
"pwd_get_method","2"
"expValue","2"
"container","2"
"nlr","2"
"timeStmp","2"
"price_diff","2"
"tab_type","2"
"5ad453bb4eacab35a8d0f324b","2"
"cclt1","2"
"imp","2"
"pi_opt_in","2"
"AKQV","2"
"tjA","2"
"entered_login","2"
"bank","2"
"SecurityToken","2"
"firstvrytype","2"
"suid","2"
"gsscr","2"
"87","2"
"cost","2"
"wx_fmt","2"
"cloudSku","2"
"ncoSig","2"
"5ccfad47000000000f013350","2"
"webview","2"
"send","2"
"umd","2"
"vr_type","2"
"OnePlus5T","2"
"pld","2"
"branch","2"
"payType","2"
"needTransfer","2"
"requestTime","2"
"inr","2"
"GL_EXT_multisampled_render_to_texture2z","2"
"resetpwd","2"
"locales","2"
"realnameauthsid","2"
"_captcha_id","2"
"MGc","2"
"GL_OES_packed_depth_stencilz","2"
"componentName","2"
"bghash","2"
"UQP","2"
"aaaeab","2"
"u5T","2"
"SCW","2"
"ipAddress","2"
"storeId","2"
"quality","2"
"appOS","2"
"u_sharetype","2"
"57580db0a9b2ed3edb781017b","2"
"dataver","2"
"584a57b1f29d982f7d002550","2"
"isajax","2"
"trip_lat","2"
"7XH","2"
"imgcode","2"
"p_from","2"
"page_url","2"
"from_lng","2"
"cdb","2"
"sub_bank_code","2"
"areaLimit","2"
"ttfb","2"
"cookieEnabled","2"
"prod_code","2"
"client_name","2"
"8?","2"
"SSH","2"
"amr","2"
"LTL","2"
"props","2"
"hir","2"
"svipPriceMode","2"
"initShow","2"
"memberId","2"
"staffCode","2"
"error_msg","2"
"skr","2"
"detail","2"
"check","2"
"sy0","2"
"sceneId","2"
"GL_EXT_texture_norm16z","2"
"comment","2"
"newLogin","2"
"introduction","2"
"3mJ","2"
"GL_OES_texture_compression_astcz","2"
"sdkp","2"
"pvt","2"
"words","2"
"shopType","2"
"CKT","2"
"timeout","2"
"67","2"
"login_name","2"
"class_id","2"
"wBp","2"
"59b7cdea5e87e71c0e87e906b","2"
"cbl","2"
"true_name","2"
"pinv","2"
"content_url","2"
"TIT","2"
"r14","2"
"args","2"
"group_id","2"
"srcid","2"
"list","2"
"Bplatform","2"
"paymethod","2"
"jar","2"
"5cf7571f000000002801ff0b","2"
"_4","2"
"Qhy","2"
"3?","2"
"cpuarch","2"
"GL_EXT_debug_labelz","2"
"rpR","2"
"utmvp","2"
"hml","2"
"loadwait","2"
"D1","2"
"operatorId","2"
"appealurl","2"
"createDate","2"
"GL_OES_EGL_imagez","2"
"dQA","2"
"IEv","2"
"pt_local_tk","2"
"without_user","2"
"W1","2"
"_form_token","2"
"GL_QCOM_alpha_testz","2"
"rtx","2"
"build_guid","2"
"pgRetUrl","2"
"billno","2"
"Filedata","2"
"mlr","2"
"iQQ","2"
"question","2"
"video_type","2"
"mapconfig","2"
"containerType","2"
"timeTo","2"
"d_fieldgroup","2"
"CCS","2"
"_mt","2"
"98","2"
"currency_code","2"
"ofs","2"
"0RVJST1IgOiBnZXRSZXN1bHRzIHRpbWVvdXQ6IDYwMDAwIG1z","2"
"rji","2"
"entered_password","2"
"1_3","2"
"Y_k","2"
"_Q","2"
"moonshad","2"
"gssid","2"
"ssdc","2"
"ncoToken","2"
"TxtloginName","2"
"pli","2"
"CNj","2"
"describe","2"
"edata","2"
"serial_number","2"
"gYN","2"
"cad","2"
"_7y","2"
"GL_EXT_primitive_bounding_boxz","2"
"numofcpucore","2"
"beacon","2"
"5O","2"
"localId","2"
"updateType","2"
"realnameswitch","2"
"systemVersion","2"
"canUseBeacon","2"
"internetExplorer","2"
"GL_OES_point_size_arrayz","2"
"pubkey","2"
"respoonseRecieveTime","2"
"FPj","2"
"is_loginEndURI","2"
"ipbits","2"
"key_word","2"
"MaD","2"
"preevent_tag","2"
"dataversion","2"
"dateEnd","2"
"MOBILE2","2"
"trip_lng","2"
"xpath","2"
"marketplace","2"
"time_stamp","2"
"vkN","2"
"currentURL","2"
"grayscale","2"
"pkgName","2"
"prod_id","2"
"MPa","2"
"46007","2"
"counturl","2"
"CMCC","2"
"tcScale","2"
"flng","2"
"svn","2"
"initTime","2"
"staffProvCode","2"
"rowsPerPage","2"
"lvr","2"
"msr","2"
"Sy6","2"
"oper","2"
"GL_EXT_texture_sRGB_R8z","2"
"rrt","2"
"eur","2"
"commentid","2"
"screenType","2"
"GL_OES_texture_cube_mapz","2"
"rsv_tn","2"
"logFrom","2"
"appsuid","2"
"v12","2"
"agentId","2"
"loginsource","2"
"bizNo","2"
"DIs","2"
"AccessKeyId","2"
"1s","2"
"originuin","2"
"lOQ","2"
"actid","2"
"osversion_int","2"
"successURL","2"
"cursor","2"
"tlg","2"
"lSD","2"
"selfu","2"
"txtAgainPassWord","2"
"fwidth","2"
"5cf7f990000000000700d508","2"
"eCd","2"
"switch","2"
"GL_EXT_debug_markerz","2"
"pbt","2"
"psw","2"
"netJoinStatus","2"
"ter","2"
"sysCode","2"
"GL_OES_EGL_image_externalz","2"
"5sm","2"
"chv","2"
"car","2"
"ffB","2"
"mime","2"
"rtype","2"
"wm_actual_latitude","2"
"abi","2"
"file_id","2"
"Pzn7","2"
"biz_type","2"
"tad","2"
"d_nsid","2"
"enterprise","2"
"signmd5","2"
"1_4","2"
"bankAccountId","2"
"dealGroupId","2"
"460","2"
"ksR","2"
"gssrvid","2"
"clr","2"
"5cdcc929000000000e025a46","2"
"errorGoto","2"
"requestUrl","2"
"description","2"
"messageID","2"
"GL_EXT_protected_texturesz","2"
"numPerPage","2"
"etr","2"
"realnameverifyemail","2"
"GL_OES_point_spritez","2"
"personalLoginError","2"
"publish_data","2"
"bgr","2"
"loc_channel","2"
"POST","2"
"is_loginStartURI","2"
"_gr_uid_","2"
"csr","2"
"gmscoreversion","2"
"DST_PLANT_ID","2"
"nick","2"
"loginmerge","2"
"shh","2"
"has_market","2"
"itemTitle","2"
"fRJ","2"
"dateStr","2"
"94652de29f34R","2"
"isapp","2"
"extensions","2"
"marketplaceId","2"
"ajax","2"
"display_height","2"
"userNo","2"
"accuracy","2"
"from_module","2"
"wcrpto_mobile_pwd","2"
"oSp","2"
"_OtpMessToken","2"
"firstLaunchTime","2"
"pkgs","2"
"cookies","2"
"noteId","2"
"LQI","2"
"activityName","2"
"5c56ca6f000000001a0170c1b","2"
"web","2"
"default","2"
"county","2"
"j9r","2"
"isPlayer","2"
"svr","2"
"vcodesign","2"
"Cplatform","2"
"GL_AMD_compressed_ATC_texturez","2"
"skuId","2"
"MSRC","2"
"_ajax","2"
"8L","2"
"appABI","2"
"GL_EXT_YUV_targetz","2"
"XDEBUG_SESSION_START","2"
"g4","2"
"investSource","2"
"GL_OES_texture_env_crossbarz","2"
"06","2"
"elapsed","2"
"_ie","2"
"AppSysId","2"
"cst","2"
"kGv","2"
"rversion","2"
"busiType","2"
"re_s","2"
"bizOp","2"
"enable_paymethod","2"
"regionCode","2"
"lor","2"
"hyr","2"
"navigateStartTime","2"
"CDP","2"
"TUg","2"
"q98","2"
"ssoid","2"
"360","2"
"tntInstId","2"
"LUC","2"
"prov","2"
"9X","2"
"msafed","2"
"gw","2"
"cpufreq","2"
"GL_EXT_discard_framebufferz","2"
"759","2"
"adId","2"
"WIFI2","2"
"bdToken","2"
"checkoutDate","2"
"lan","2"
"statusCode","2"
"appEntrance","2"
"GL_OES_EGL_image_external_essl3z","2"
"wIw","2"
"device_screen_size","2"
"popid","2"
"fp2","2"
"M?","2"
"nginx_cors","2"
"09","2"
"wm_actual_longitude","2"
"pageNow","2"
"lbs","2"
"uaWeb","2"
"file_name","2"
"mnr","2"
"rYW","2"
"iMe","2"
"encrypteddata","2"
"currentAppVersion","2"
"NOI","2"
"parent_id","2"
"user_email","2"
"1_5","2"
"security_level","2"
"_qN","2"
"cen","2"
"343","2"
"SITETYPE","2"
"nc_app_key","2"
"5cde2e40000000000600e10e","2"
"_test","2"
"OnePlus5Tp","2"
"ror","2"
"9_","2"
"AuditStatus","2"
"GL_EXT_robustnessz","2"
"browser_client_id","2"
"pcv","2"
"homefeed_recommend","2"
"__LASTFOCUS","2"
"check_modify","2"
"GL_OES_read_formatz","2"
"kE6","2"
"n_type","2"
"m6","2"
"bgRequest","2"
"recovery_level","2"
"orderIdStr","2"
"Ij7","2"
"shipperName","2"
"usegapi","2"
"wap","2"
"org_id","2"
"59","2"
"klat","2"
"Oeg","2"
"market_id","2"
"accver","2"
"wcrpto_names","2"
"current_device_id","2"
"sql_id","2"
"cookiesDisabled","2"
"0Vg","2"
"partnerName","2"
"20140305","2"
"otpType","2"
"F4","2"
"adCode","2"
"5cf4e0ff00000000260349c0","2"
"gur","2"
"online","2"
"txtUserName","2"
"vcodestr","2"
"GL_AMD_performance_monitorz","2"
"73","2"
"domLoading","2"
"pay_token","2"
"psi","2"
"utmredir","2"
"skuids","2"
"address_book_access","2"
"bcsync","2"
"loadEventTime","2"
"l?","2"
"yBf","2"
"qlt","2"
"GL_KHR_debugz","2"
"comment_id","2"
"resource_type","2"
"beginDate","2"
"5q","2"
"poi_icon","2"
"a8","2"
"Formats","2"
"opType","2"
"sTF","2"
"qrCodeSecurityId","2"
"GL_OES_texture_floatz","2"
"bug","2"
"nextUrl","2"
"dar","2"
"field","2"
"mkr","2"
"bizParams","2"
"page_index","2"
"regionId","2"
"level_id","2"
"frr","2"
"Navigation","2"
"_proxy","2"
"e_code","2"
"ismachine","2"
"TxtcheckCode","2"
"couponStatus","2"
"wfr","2"
"_vTokenName","2"
"GL_EXT_disjoint_timer_queryz","2"
"null","2"
"esr","2"
"nettp","2"
"sysnopsis","2"
"operType","2"
"int","2"
"GL_OES_EGL_syncz","2"
"company_name","2"
"A9A","2"
"u4","2"
"yI","2"
"ffffffffB","2"
"trace_id","2"
"afk","2"
"wm_id","2"
"organization","2"
"ocid","2"
"p_","2"
"impression_id","2"
"TjJ","2"
"divName","2"
"activeCode","2"
"1_6","2"
"clientw","2"
"hgP","2"
"otf","2"
"center","2"
"gstl","2"
"two","2"
"c34","2"
"344","2"
"nowPage","2"
"passwordSecurityId","2"
"clt","2"
"nc_session_id","2"
"5cdfc737000000000f034a73","2"
"umid","2"
"cgi","2"
"OnePlus5TR","2"
"plr","2"
"anonymous","2"
"isSetTradePwd","2"
"scc","2"
"_9","2"
"GL_EXT_shader_framebuffer_fetchz","2"
"browser_engine","2"
"utZ","2"
"check_num","2"
"screenDensity","2"
"_csrf","2"
"versionCodename","2"
"creationTime","2"
"GL_OES_rgb8_rgba8z","2"
"keepLogin","2"
"reco_id","2"
"str","2"
"rur","2"
"pversion","2"
"0bf","2"
"birthDate","2"
"shipperNumber","2"
"57eb5b4767e58ed306001e07","2"
"acceptformat","2"
"datev","2"
"trr","2"
"zyH","2"
"0MJ","2"
"processName","2"
"5b48aebc11be101c76c02578b","2"
"wcrpto_pay_password","2"
"current_device_name","2"
"activityType","2"
"webcookie","2"
"radius","2"
"TXG","2"
"PlayDomain","2"
"gIQ","2"
"ChallengeNumber","2"
"flowEntry","2"
"cxy","2"
"onlineIdTicket","2"
"vcodetype","2"
"utms","2"
"bctime","2"
"checkConnection","2"
"Vw_","2"
"c_v","2"
"AuthInfo","2"
"kar","2"
"UVA","2"
"beginTime","2"
"lastLoginType","2"
"screenX","2"
"qrcode_width","2"
"GL_OES_texture_float_linearz","2"
"xhr","2"
"myr","2"
"sort_type","2"
"general","2"
"kmr","2"
"zzd_from","2"
"js_type","2"
"enforcedByPolicy","2"
"SignatureNonce","2"
"firstScreenTime","2"
"vmW","2"
"srr","2"
"validateLogin","2"
"bank_card_num","2"
"hiddenLayout","2"
"Z5t","2"
"FL3","2"
"isManual","2"
"omgid","2"
"vappid","2"
"couponType","2"
"docType","2"
"Te2","2"
"requestParam","2"
"MSCH","2"
"startIndex","2"
"cpu_abi","2"
"GL_EXT_draw_buffers_indexedz","2"
"authsid","2"
"landingpage","2"
"scnewuser","2"
"campaign_id","2"
"GL_OES_element_index_uintz","2"
"eventType","2"
"peQ","2"
"FP8","2"
"track","2"
"push_token","2"
"afr","2"
"return_type","2"
"wm_latitude","2"
"azr","2"
"lca","2"
"fileIds","2"
"_login_password","2"
"CtrlVersion","2"
"map_icon","2"
"v48","2"
"from_cache","2"
"nacl_arch","2"
"tagid","2"
"improve_bitrate","2"
"max_age","2"
"signstr","2"
"see","2"
"gstmzone","2"
"S?","2"
"c35","2"
"wx_openid","2"
"nc_sig","2"
"5cdfea9d000000000e033f3d","2"
"senderr","2"
"_ts","2"
"flat","2"
"vsecret","2"
"OnePlusj","2"
"initcwndbps","2"
"media_type","2"
"coverid","2"
"ErrorMsg","2"
"pay_amount","2"
"where","2"
"unknown2","2"
"FMSRC","2"
"venderId","2"
"GL_EXT_sRGBz","2"
"xCG","2"
"ZIH","2"
"last","2"
"h5Fingerprint","2"
"Oppo0","2"
"GL_OES_sample_shadingz","2"
"event_tag","2"
"cip","2"
"hao123Param","2"
"card_no","2"
"_g_encode","2"
"revision","2"
"orientation","2"
"searchText","2"
"_M","2"
"95","2"
"exter_invoke_ip","2"
"v54","2"
"2_","2"
"display_width","2"
"clientfrom","2"
"dcsredirect","2"
"modify_key","2"
"current_device_type","2"
"c12","2"
"sqr","2"
"JUY","2"
"5c8f7c5800000000160185d3b","2"
"c48","2"
"playerName","2"
"sslConnectTime","2"
"ratio","2"
"sVZ","2"
"GL_EXT_blit_framebuffer_paramsz","2"
"identity_type","2"
"codeFlag","2"
"neJB","2"
"operationName","2"
"scene_type","2"
"_api","2"
"GL_OES_blend_equation_separatez","2"
"dpid","2"
"screenY","2"
"captchaToken","2"
"GL_OES_texture_mirrored_repeatz","2"
"7Et","2"
"igu","2"
"jNA","2"
"loginagree","2"
"redirectTime","2"
"carrier_country_code","2"
"Kh2aUgXU5","2"
"goid","2"
"bizcode","2"
"bvc","2"
"zur","2"
"contactName","2"
"discount","2"
"udc","2"
"0Q0O0M0K0I0","2"
"5b97afe82adf13000154e4bdb","2"
"uGv","2"
"firstUsableTime","2"
"suggest","2"
"gscmd","2"
"TURL","2"
"8668170377104312","2"
"wxLang","2"
"dle","2"
"sInviteCode","2"
"closedroadstyle_normalmode","2"
"full_name","2"
"cfrom","2"
"asr","2"
"365","2"
"nrX","2"
"uniqueId","2"
"9y","2"
"swr","2"
"_5","2"
"cpu_abi2","2"
"GL_EXT_EGL_image_arrayz","2"
"X?","2"
"76","2"
"utm_fromapp","2"
"WIFIX","2"
"followup","2"
"readyStart","2"
"h265","2"
"scode","2"
"status_code","2"
"rsv_did","2"
"PER","2"
"compatMode","2"
"__webview_options__","2"
"ordDate","2"
"ruA","2"
"share_source","2"
"dataset","2"
"azt","2"
"Lcid","2"
"90","2"
"questionRank","2"
