"path","count"
"/js/","71"
"/images/","68"
"/api/","63"
"/css/","53"
"/web/","38"
"/static/js/","34"
"/web/zh/","33"
"/user/","32"
"/static/","32"
"/web/zh/register/rsa/gy/","31"
"/web/zh/login/","31"
"/web/zh/login/dlzt/","31"
"/zrr/","31"
"/web/zh/register/","31"
"/web/zh/register/rsa/","31"
"/web/zrr/kpzxx/list/","30"
"/web/zh/loginstatus/","30"
"/srf/","30"
"/srf/js/","30"
"/web/zrr/gy/gjhqd/list/","29"
"/web/zh/wjmm/","29"
"/web/zrr/kpzxx/","29"
"/static/css/","29"
"/web/zh/wjmm/sfzc/","29"
"/web/common/","29"
"/web/common/basecode/vn/","29"
"/web/zrr/","29"
"/web/common/srf/","29"
"/web/zh/login/query/","28"
"/web/common/basecode/","28"
"/web/common/captcha/","28"
"/web/zrr/gy/","28"
"/web/zrr/gy/gjhqd/","28"
"/web/zh/wjmm/mm/","27"
"/web/zh/wjmm/yl/","26"
"/web/zrr/ylfw/","24"
"/web/zh/wjmm/yl/code/","24"
"/web/zrr/ylfw/yzmcj/","24"
"/img/","24"
"/edgedl/widevine-cdm/","20"
"/admin/","19"
"/assets/","19"
"/static/img/","18"
"/manager/","18"
"/login/","16"
"/static/images/","16"
"/account/","15"
"/apc/","15"
"/v1/","14"
"/upload/","14"
"/cgi-bin/","13"
"/vips-mobile/rest/operation/dynamic-config/","13"
"//","12"
"/common/","12"
"/web/zh/login/zhyzzt/","11"
"/public/css/","11"
"/vips-mobile/","11"
"/vips-mobile/rest/user/userType/","10"
"/config/","10"
"/web/zrr/message/","10"
"/web/zrr/message/yhwdxxsl/","10"
"/resources/images/","10"
"/web/zh/loginnum/","10"
"/scripts/","10"
"/home/","9"
"/service/","9"
"/vips-mobile/rest/layout/channel/","9"
"/ies/speed/","9"
"/v2/","8"
"/feed/","8"
"/lufax-components/img/","8"
"/popupservice/api/","8"
"/pubNumService/pubinfo/","8"
"/vips-mobile/rest/configuration/","8"
"/content/","8"
"/ucas/","8"
"/tps/i2/","8"
"/rest/","8"
"/v3/","8"
"/vips-mobile/rest/operation/switch/","8"
"/script/","8"
"/resources/js/","8"
"/vips-mobile/rest/shopping/search/entryword/","8"
"/nmsw/","8"
"/s/","8"
"/vips-mobile/rest/product/app/floatingLayer/pmc/","8"
"/portal/","7"
"/it/","7"
"/api/v2/","7"
"/analytics/","7"
"/auth/","7"
"/tps/i1/","7"
"/vips-mobile/rest/operation/popup/","7"
"/api/v1/","7"
"/resources/css/","7"
"/stat/","7"
"/app/","7"
"/vips-mobile/rest/h5/","7"
"/avatar/","7"
"/tps/i4/","7"
"/vips-mobile/rest/operation/document/","7"
"/console/","7"
"/public/js/","7"
"/wcm-images/","7"
"/vips-mobile/rest/user/address/","7"
"/member/","6"
"/sso/","6"
"/product/","6"
"/styles/","6"
"/mobile/20191028/","6"
"/amdc/","6"
"/accounts/","6"
"/tps/i3/","6"
"/bundles/","6"
"/image/content/blog/posts/","6"
"/vips-mobile/rest/user/msgcenter/categorylist/","6"
"/static/fonts/","6"
"/vips-mobile/rest/user/msgcenter/syncinfo/","6"
"/u/","5"
"/mobile/","5"
"/r/","5"
"/v4/","5"
"/fonts/","5"
"/evalpic/s240x240_jfs/t1/28236/11/2303/25053/5c1bb4e9E5016a61e/","5"
"/m/","5"
"/user/service/user/","5"
"/resources/","5"
"/public/shared/images/header/","5"
"/statics/js/","5"
"/dist/","5"
"/passport/","5"
"/ajax/","5"
"/public/shared/css/","5"
"/public/images/","5"
"/public/shared/images/responsive/","5"
"/vips-mobile/rest/order/unpay_remind/","5"
"/large/","5"
"/sofpro/bmyyqt/common/","5"
"/public/shared/images/","5"
"/thumbnail/","4"
"/statics/images/","4"
"/i/","4"
"/user/cookie/","4"
"/category/20190604/","4"
"/vips-mobile/rest/operation/lightart/templateContent/","4"
"/js/analysis/","4"
"/.git/","4"
"/tps/","4"
"/6ONWsjip0QIZ8tyhnq/","4"
"/eweb/","4"
"/pay/","4"
"/verify/","4"
"/coremail/","4"
"/assets/pc/","4"
"/usercenter/","4"
"/assets/js/","4"
"/xhtml/js/","4"
"/about/","4"
"/image/","4"
"/join/","4"
"/js/jquery/","4"
"/products/","4"
"/payfe/","4"
"/statics/css/","4"
"/sdm/229_160_100/","4"
"/style/","4"
"/icons/2d/","4"
"/vector/","4"
"/security/","4"
"/public/shared/images/popups/","4"
"/recaptcha/api2/","4"
"/sec-info/service/mq/","4"
"/guangzhou/","4"
"/lufax-public/jquery/","4"
"/ltePortal/","4"
"/static/api/js/","4"
"/log/","4"
"/public/shared/fonts/","4"
"/owa/","4"
"/public/javascript/","4"
"/usercenter/login/","4"
"/channel/","4"
"/js/common/","4"
"/html/","4"
"/public/shared/javascript/","4"
"/images/analytics/","4"
"/collect/","4"
"/uploads/","3"
"/task/","3"
"/wsdSmart/web/","3"
"/provPortal/merge/js/","3"
"/search/","3"
"/wp-includes/js/","3"
"/help/","3"
"/api/web/","3"
"/public/shared/javascript/crypto/","3"
"/adsid/google/","3"
"/api/account/sso/","3"
"/assets/cms/","3"
"/public/javascript/promo/","3"
"/bs/","3"
"/userheadpic/","3"
"/download/downContent/2004-03-16/","3"
"/Public/ueditor/themes/default/images/","3"
"/gateway/","3"
"/uc/","3"
"/vips-mobile/rest/cart/","3"
"/lufax-public/vendor/datepicker/img/","3"
"/ltePortal/resources/image/login/","3"
"/doc/","3"
"/aweme/720x720/","3"
"/_/","3"
"/js/home/","3"
"/dpgroup/","3"
"/lufax-public/base/","3"
"/lufax-public/statistic/","3"
"/dashboard/","3"
"/common/js/","3"
"/question/","3"
"/pagead/drt/","3"
"/icon/","3"
"/public/images/v6/social/","3"
"/ltePortal/resources/js/","3"
"/js/lib/","3"
"/UploadFiles/","3"
"/ws/","3"
"/aweme/720x720/temai/","3"
"/provPortal/image/","3"
"/Public/ueditor/","3"
"/user/js/base/","3"
"/dist/imgs/","3"
"/notice/","3"
"/lufax-public/base/fonts/","3"
"/data/","3"
"/provPortal/js/busi-js/staff/","3"
"/public/css/v6/","3"
"/news/","3"
"/ltePortal/resources/js/our-js/","3"
"/oauth2/","3"
"/w/","3"
"/lufax-public/base/img/","3"
"/cashdesk/","3"
"/dxmuc/","3"
"/vips-mobile/rest/operation/refreshtime/","3"
"/p/","3"
"/ewebeditor/","3"
"/provPortal/staff/","3"
"/ltePortal/resources/js/third-js/jquery/","3"
"/api/v4/","3"
"/assets/css/","3"
"/docs/","3"
"/provPortal/image/home/","3"
"/statics/","3"
"/seller/","3"
"/deal/","3"
"/socket.io/","3"
"/open/","3"
"/_u/","3"
"/api/v3/","3"
"/rqd/","3"
"/User/Public/checkLogin/code/","3"
"/plugin/","3"
"/ltePortal/resources/js/third-js/jquery/zebra-dialog/","3"
"/assets/cms/project/","3"
"/lufax-public/fingerPrint/","3"
"/lufax-public/ui/popup/img/","3"
"/provPortal/js/third-js/jquery/","3"
"/list/resource/listing/main/newBigList/img/","3"
"/obj/","3"
"/public/shared/images/login/","3"
"/config/images/","3"
"/user/index/","3"
"/ltePortal/resources/js/third-js/jquery/zebra-dialog/css/","3"
"/META-INF/","3"
"/_/common/diagnostics/","3"
"/resource/","3"
"/s/res/","3"
"/translate_a/","3"
"/post/","3"
"/error/","3"
"/phoenix/","3"
"/new/","3"
"/2/","3"
"/vips-mobile/rest/order/","3"
"/ltePortal/resources/js/third-js/utils/","3"
"/iphoenix/","3"
"/codeman/","3"
"/content/cashdesk/","3"
"/Public/ueditor/php/","3"
"/user/service/login/","3"
"/coremail/common/assets/login/","3"
"/travelcube/","3"
"/stylesheets/","3"
"/template/","3"
"/global/","3"
"/config/js/lib/","3"
"/ltePortal/resources/js/third-js/validate/","3"
"/sys/","3"
"/Public/ueditor/themes/","3"
"/font/","3"
"/lufax-public/lufax-lib/","3"
"/lufax-public/ui/tag/img/","3"
"/public/images/v6/","3"
"/relationwxpic/","3"
"/ltePortal/resources/css/","3"
"/joymerchant/","3"
"/aweme/100x100/","3"
"/web/channel/bbs/static/common/","3"
"/thumb/","3"
"/download/","3"
"/provPortal/image/zebra/","3"
"/Public/","3"
"/lufax-public/lufax-public/","3"
"/images/index/","3"
"/item/","3"
"/lufax-public/ui/top/img/","3"
"/user/captcha/","3"
"/category/20190603/","3"
"/js/layer/","3"
"/provPortal/css/","3"
"/a/","3"
"/static/agentjs/","3"
"/xhtml/css/","3"
"/dist/fonts/","3"
"/lufax-components/","3"
"/api/0/","2"
"/js/admin_login/","2"
"/wsdSmart/base/images/","2"
"/new/dep/mini-event/1.0.0/","2"
"/attachment/2015/11/","2"
"/provPortal/js/4g-js/","2"
"/public/images/login/","2"
"/Public/ueditor/themes/default/css/","2"
"/account-front/query/","2"
"/activityback/","2"
"/api/auth/","2"
"/sso/js/","2"
"/static/api/js/component/","2"
"/coremail/common/index_cmxt30/","2"
"/./","2"
"/dist/ui/css/","2"
"/product_image/PD190111026452/","2"
"/vips-mobile/rest/activity/coupon/product_coupon/list/","2"
"/static/waplib/","2"
"/imgextra/i2/0/","2"
"/bs/fe/fe-passport/f211480/js/","2"
"/secure/intserv/facade/default/images/","2"
"/rest/2.0/pcs/","2"
"/imgextra/i3/2874364268/","2"
"/security/0/pwd_find_reset/","2"
"/cgi-bin/mm/","2"
"/static/ace/css/images/","2"
"/uploads/20190813/","2"
"/appconfig/","2"
"/mxx/yoda/","2"
"/public/images/v6/home/","2"
"/static/index/images/","2"
"/list/resource/productDetail/module/","2"
"/services/","2"
"/site/images/2011/","2"
"/steam/apps/947510/","2"
"/new/asset/common/extension/","2"
"/assets/cms/static/","2"
"/dwr/","2"
"/public/shared/images/apphubs/","2"
"/new/dep/esui/3.1.0-alpha.4/","2"
"/assets/images/","2"
"/provPortal/css/system/css/","2"
"/ems-auth/qrcode/","2"
"/fortune/servlet/","2"
"/staticv2/asset/","2"
"/lumi/js/base/","2"
"/config/v1/ODSP_Sync_Client/","2"
"/dpdeal/","2"
"/product_image/PD180724025658/","2"
"/pweb/ocx/jsb/Client/","2"
"/ipproot/common/images/","2"
"/bWAPP/images/","2"
"/User/Loo/content/id/","2"
"/uploads/20190719/","2"
"/appupdate/legacy/","2"
"/wsdSmart/base/images/index/","2"
"/new/dep/mini-event/1.0.0/asset/","2"
"/x/","2"
"/provPortal/js/busi-js/order/","2"
"/zh_CN/htmledition/","2"
"/hfe/hfe-assets/eb/owl/assets/","2"
"/steam/apps/271590/","2"
"/cdn-www.dxmpay.com/","2"
"/api/files/36264730855/","2"
"/common/images/","2"
"/mis/","2"
"/user/service/system/","2"
"/appstore/","2"
"/product_image/PD190215026549/","2"
"/query/","2"
"/pics/","2"
"/lib/","2"
"/secure/intserv/js/lib/","2"
"/payfe/zero/","2"
"/cdn-www.baifubao.com/","2"
"/static/ace/fonts/","2"
"/user/css/","2"
"/User/Project/content/id/","2"
"/core/","2"
"/track/","2"
"/aweme/v1/play/","2"
"/provPortal/orderQuery/","2"
"/open/js/","2"
"/public/images/v6/ico/","2"
"/list/resource/require/","2"
"/category/20190605/","2"
"/mobile/20191027/","2"
"/js/layer/theme/default/","2"
"/wp-includes/js/jquery/","2"
"/new/asset/common/img/","2"
"/new/dep/esui/3.1.0-alpha.4/asset/","2"
"/domainless/","2"
"/qqconnectopen/openapi/","2"
"/pim/","2"
"/staticv2/asset/www2-login/","2"
"/lumi/js/lumi/","2"
"/cm/","2"
"/configsvr/","2"
"/api/users/497425614/","2"
"/crop.0.0.438.438.50/","2"
"/xhtml/images/index/","2"
"/dist/img/open/","2"
"/groupbackwebimage/","2"
"/public/javascript/rellax/","2"
"/7Ls0a8Sm1A5BphGlnYG/sys/portrait/item/","2"
"/ipproot/common/scripts/","2"
"/bWAPP/js/","2"
"/smp_in/services/","2"
"/chshap/","2"
"/kfgl/resources/admin/images/","2"
"/bs/file/","2"
"/secure/intserv/js/rsa/","2"
"/clients/","2"
"/uploads/20190722/","2"
"/mp/","2"
"/userheadpicbackend/","2"
"/wsdSmart/base/images/login/","2"
"/new/dep/static/","2"
"/yunzhim/personalCenter/","2"
"/provPortal/js/busi-js/query/","2"
"/passApi/","2"
"/Scripts/CommonJs/My97DatePicker/skin/","2"
"/list/","2"
"/mis/service/","2"
"/mweb/","2"
"/app/csc-pc-static/static/js/","2"
"/v/static/mall/","2"
"/uc/api/","2"
"/Public/js/handler/","2"
"/payfe/zero/dist/","2"
"/fortune/","2"
"/rmsportal/","2"
"/cdn-www.baifubao.com/content/","2"
"/cgit.cgi/","2"
"/static/ace/js/","2"
"/api/user/","2"
"/group/v1/timestamp/","2"
"/zh-cn/","2"
"/attachment/2018/01/","2"
"/provPortal/passwordMgr/","2"
"/html/gonggaoCQJY/","2"
"/resource/css/","2"
"/mobilem/","2"
"/app/login/","2"
"/assets/cms/static/img/","2"
"/dwr/interface/","2"
"/kfgl/resources/admin/js/","2"
"/new/dep/esui/3.1.0-alpha.4/asset/css/","2"
"/v3/log/","2"
"/public/images//v6/","2"
"/staticv2/asset/www2-login/img/","2"
"/lumi/js/points/","2"
"/api/plugin/config/v1/","2"
"/static/agentjs/dist/","2"
"/t/","2"
"/xhtml/images/public/","2"
"/portal/account/","2"
"/public/javascript/scriptaculous/","2"
"/HomePage/","2"
"/static/global/","2"
"/bs/css/","2"
"/bWAPP/stylesheets/","2"
"/api/push/client/notificationBarPermission/","2"
"/blog/","2"
"/loggw/","2"
"/secure/intserv/js/secure/","2"
"/lufax-public/statistic_sdc/","2"
"/admin/scripts/","2"
"/uploads/20190725/","2"
"/new/dep/ucsl/","2"
"/assets/js/select2/","2"
"/Public/ueditor/third-party/codemirror/","2"
"/passApi/css/","2"
"/reg/","2"
"/images/js/topfiles/ost1410/","2"
"/Scripts/CommonJs/viewer/","2"
"/steam/apps/910490/","2"
"/v/static/mall/common/","2"
"/auth/0/","2"
"/vips-mobile/rest/device/","2"
"/Public/js/lib/banner/","2"
"/file/","2"
"/images/ico/","2"
"/public/shared/images/buttons/","2"
"/fortune//intserv/facade/blue/","2"
"/lumi/component/sidebar/css/","2"
"/tfs/","2"
"/User/Project_apply/","2"
"/provPortal/properties/","2"
"/public/images/v6/storemenu/","2"
"/h5/","2"
"/html/gonggaoJSGC/","2"
"/beautyimg/","2"
"/servlet/","2"
"/js/login/","2"
"/cpro/ui/","2"
"/assets/cms/static/img/1-0/","2"
"/upload/asset/scs/images/pic/","2"
"/v3/login/","2"
"/doorman/","2"
"/production/","2"
"/provPortal/image/common/","2"
"/recommend/","2"
"/phpmyadmin/","2"
"/Images/XinWenZhongXin/","2"
"/staticv2/dep/","2"
"/am/portal/","2"
"/steamcommunity/public/images/avatars/fe/","2"
"/v/static/","2"
"/assets/pc/widget/","2"
"/dpnewvc/","2"
"/public/javascript/slick/","2"
"/static/global/pkg/","2"
"/sdm/120_120_100/","2"
"/ipv6test/","2"
"/smu0/","2"
"/cippiccenter/a/","2"
"/merchantpic/","2"
"/bs/js/","2"
"/secure/intserv/js/util/","2"
"/Styles/font-awesome-4.7.0/css/","2"
"/js/cart/","2"
"/tbproxy/","2"
"/mx/rohr/","2"
"/wsdSmart/base/js/","2"
"/provPortal/js/our-js/","2"
"/Public/js/lib/jquery/","2"
"/waimaidpoipicmining/","2"
"/home/index/","2"
"/Resources/zTreeStyle/","2"
"/fortune/intserv/facade/blue/","2"
"/lumi/component/sidebar/images/","2"
"/content/images/","2"
"/User/Public/","2"
"/public/images/v6/temp/","2"
"/html/gonggaoTDJY/","2"
"/images/login/","2"
"/bea_wls_internal/","2"
"/gpa/","2"
"/new/asset/login/","2"
"/autotime/","2"
"/message/","2"
"/user/msgcenter/","2"
"/assets/js/angular/","2"
"/v3/login/api/","2"
"/gw/ugc/api/v1/product/","2"
"/favicon/","2"
"/include/","2"
"/bootstrap/css/","2"
"/staticv2/dep/common-login/","2"
"/c2c/","2"
"/jijin/resource/investorProperly/","2"
"/update/","2"
"/dist/lib/callaui/0.2.0/","2"
"/offpic_new/707338462//79aa84fa-97fe-4618-9914-85ee682a236c/","2"
"/locate/v2/sdk/","2"
"/c/","2"
"/mallimages/","2"
"/com/","2"
"/lib/1.0/map/img/","2"
"/secure/servlet/","2"
"/mapi/","2"
"/wsdSmart/base/js/skin/","2"
"/provPortal/js/third-js/common/","2"
"/Public/ueditor/third-party/zeroclipboard/","2"
"/Images/JuBao/","2"
"/index/","2"
"/list/resource/listing/main/newBigList/","2"
"/category/20190523/","2"
"/b/cxx/img/","2"
"/Public/js/video/","2"
"/_/signin/sl/","2"
"/icons/","2"
"/vips-mobile/rest/operation/startup/","2"
"/examples/","2"
"/recaptcha/","2"
"/fortune/intserv/facade/blue/img/","2"
"/windows/shell/","2"
"/scarlett/","2"
"/lumi/component/sidebar/js/","2"
"/steam/apps/233860/","2"
"/jijin/","2"
"/tfscom/","2"
"/user/images/","2"
"/mmcrhead/bNqVZcia7iaBzv6hj5SiaMZ2e4Gby0RgpCxLic3eDGRJ7rXJrP4THsBWHCfx3icIkJbvW0HPWdt1IbjmJ2Pxz9JMicHtliclZZk6iarg/","2"
"/aso/","2"
"/assets/pc/page/","2"
"/provPortal/staff/login/","2"
"/html/gonggaoYYCG/","2"
"/service/2/app_alert/","2"
"/source/stable/","2"
"/content/mywallet/","2"
"/ark/open_api/v0/","2"
"/com/css/","2"
"/ws/log/","2"
"/v3/login/api/auth/","2"
"/odp/","2"
"/provPortal/image/icon/","2"
"/fcgi-bin/","2"
"/gallery/vendors/echarts/map/js/","2"
"/bootstrap/js/","2"
"/staticv2/dep/common-login/css/","2"
"/tags/","2"
"//UploadFiles/","2"
"/resource/images/","2"
"/AboutXinfa/","2"
"/8qUJcD3n0sgCo2Kml5_Y_D3/","2"
"/login/dologin/","2"
"/uploads/20190729/","2"
"/wsdSmart/captcha/","2"
"/e/201303/","2"
"/view/","2"
"/edgedl/","2"
"/wap/js/","2"
"/fintech/","2"
"/intl/zh-CN/mail/help/","2"
"/steam/apps/289070/","2"
"/sign/","2"
"/v/static/mall/common/images/","2"
"/Rank/","2"
"/paotui/","2"
"/recaptcha/api/","2"
"/fortune/intserv/facade/blue/js/","2"
"/points_mall/PD170623023963/","2"
"/lab/","2"
"/imgextra/i4/2874364268/","2"
"/lumi/css/","2"
"/CloudEMap/","2"
"/sofpro/bmyyqt/info_count/","2"
"/assets/pc/page/home/","2"
"/provPortal/validatecode/","2"
"/html/gonggaoZFCG/","2"
"/g/","2"
"/js/My97DatePicker/","2"
"/static/assets/","2"
"/content/mywallet/app/","2"
"/new/dep/","2"
"/manage/","2"
"/v3/login/api/authopenbduss/","2"
"/odp/wireless/","2"
"/provPortal/image/ligerui/","2"
"/Public/ueditor/lang/zh-cn/","2"
"/fp/","2"
"/game/","2"
"/staticv2/dep/common-login/img/","2"
"/jijin/resource/layout/","2"
"/apply/","2"
"/dealwatera/","2"
"/dist/lib/jquery/","2"
"/assets/pc/widget/header/","2"
"/zh-cn/public/javascript/","2"
"/AWSC/uab/","2"
"/pagead/","2"
"/Images/GuanYuXinfa/","2"
"/cashdesk/static/","2"
"/lufax-public/ui/recommend/img/","2"
"/cloan/","2"
"/uploads/20190730/","2"
"/view/admin_login/","2"
"/provPortal/js/third-js/jquery/jquery.overlay/","2"
"/edgedl/release2/chrome_component/AJscCiYKDsU6_1084/","2"
"/passApi/img/","2"
"/list/resource/listing/main/newUserList/","2"
"/intro/","2"
"/new/dep/er/","2"
"/fortune/intserv/js/dialog/","2"
"/points_mall/PD180724025658/","2"
"/config/images/p2p_index/","2"
"/por/","2"
"/Images/Default/","2"
"/safe/","2"
"/account/setup/","2"
"/js/My97DatePicker/skin/","2"
"/content/mywallet/app/images/","2"
"/ucsl/","2"
"/client/","2"
"/tplresource/cms/www/taiping/img/dimension/","2"
"/gw/~da/~d~a/api/v1/~d~a/","2"
"/odp/wireless/sdk/","2"
"/provPortal/image/login/","2"
"/static/page/staticWebsite/distributionOfficialWebsite/assets/","2"
"/include/js/","2"
"/category/20190416/","2"
"/chains/","2"
"/jijin/resource/myFunds/","2"
"/jsonp/","2"
"/crop.0.0.996.996.50/","2"
"/zh-cn/public/shared/javascript/","2"
"/fe_api/burdock/v1/board/5a72ade14ed4a03fb016f068/","2"
"/plugins/","2"
"/images/partner/","2"
"/admin/login/","2"
"/images/2d/","2"
"/ksdk/","2"
"/login/getrsakey/","2"
"/security/0/","2"
"/maps/","2"
"/uploads/20190731/","2"
"/vcloud1022.tc.qq.com/","2"
"/view/admin_status/","2"
"/provPortal/js/third-js/json/","2"
"/edgedl/release2/chrome_component/APmo-x7vrEPj_34/","2"
"/ware/","2"
"/list/resource/listing/main/newUserList/img/","2"
"/statics/images/v9/","2"
"/service/update2/","2"
"/signin/v2/","2"
"/cdn-www.dxmpay.com/css/","2"
"/common/oauth2/","2"
"/new/asset/","2"
"/auth/login/","2"
"/new/dep/er/3.1.0/","2"
"/dxmuc/logout/","2"
"/recaptcha/api2/v1561357937155/","2"
"/wedding/","2"
"/fortune/intserv/js/jquery/","2"
"/lumi/images/","2"
"/steam/apps/752590/","2"
"/mxlab/public/admin/capital/server_edit/id/","2"
"/+CSCOE+/","2"
"/asset/","2"
"/dist/css/","2"
"/assets/pc/pkg/","2"
"/por/css/","2"
"/live/100x100/","2"
"/broker-service/api/","2"
"/cart/","2"
"/support/","2"
"/jungle/","2"
"/kfgl/resources/tpp-ecservice/js/","2"
"/content/resource/","2"
"/wsdk/","2"
"/yunzhim/homePage/","2"
"/provPortal/image/pad-image/","2"
"/platform/","2"
"/images/brand/","2"
"/jijin/resource/require/","2"
"/dist/page/open/","2"
"/AboutXinfa/Js/","2"
"/steam/apps/393380/","2"
"/steam/clusters/sale_summer2019_assets/54b5034d397baccb93181cc6/","2"
"/cashier/","2"
"/steamcommunity/public/images/apps/289070/","2"
"/cloan/open/","2"
"/uploads/20190801/","2"
"/v/","2"
"/provPortal/js/third-js/ligerUI/","2"
"/edgedl/release2/chrome_component/X8HKtb5_shk_5077/","2"
"/static/img/open/","2"
"/signin/v2/challenge/password/","2"
"/category/20190531/","2"
"/cdn-www.dxmpay.com/css/android/","2"
"/ams/","2"
"/msmerchant/","2"
"//admin/","2"
"/new/asset/common/","2"
"/oauth/","2"
"/vips-mobile/rest/operation/draw-menu/","2"
"/web/js/","2"
"/article/","2"
"/new/dep/er/3.1.0/asset/","2"
"/obj/ies-music/strong_beat/","2"
"/public/images//gift/","2"
"/fortune/intserv/js/rsa/","2"
"/lumi/images/index/","2"
"/m-public/","2"
"/sjstpic/","2"
"/common/css/","2"
"/crop.0.0.180.180.50/","2"
"/por/images/","2"
"/pweb/","2"
"/s/c/user/i/","2"
"/ipproot/","2"
"/api/haikuiopen/haikui/open/partner/account/","2"
"/User/Loo/","2"
"/wsdSmart/base/css/","2"
"/new/dep/mini-event/","2"
"/public/images/ico/","2"
"/Public/ueditor/themes/default/","2"
"/housing/","2"
"/static/ui/img/","2"
"/steam/apps/268500/","2"
"/site/","2"
"/kfgl/","2"
"/dist/page/staticWebsite/distributionOfficialWebsite/","2"
"/yeb/","2"
"/Public/js//lib/jquery/","2"
"/report/","2"
"/images/home/","2"
"/imgextra/i1/2874364268/","2"
"/secure/intserv/facade/default/","2"
"/resource/js/","2"
"/shop/","2"
"/static/ace/css/","2"
"/uploads/20190812/","2"
"/provPortal/js/third-js/RiskManagement/","2"
"/edgedl/release2/update2/ANrcqf-u-0tl_1.3.34.7/","2"
"/passApi/js/","2"
"/fir/t/v2/","2"
"/play-apps-download-default/download/by-id/","2"
"/cdn-www.dxmpay.com/css/android/images/","2"
"/soft.tbs.imtt.qq.com/17421/","2"
"/top/i1/","2"
"/wp-includes/css/dist/block-library/","2"
"/new/asset/common/css/","2"
"/assets/cms/project/2000000066/","2"
"/dm/48_48_100/","2"
"/public/css/promo/","2"
"/new/dep/esui/","2"
"/aweme/100x100/ies-music/","2"
"/pc/","2"
"/fortune/intserv/js/util/","2"
"/staticv2/","2"
"/lumi/images/lumi/","2"
"/api/account/","2"
"/api/users/","2"
"/appinfo/","2"
"/nav/","2"
"/assets/pc/static/","2"
"/public/javascript/applications/store/","2"
"/ipproot/common/css/","2"
"/bWAPP/","2"
"/kfgl/resources/admin/css/","2"
"/User/Loo/add/project_id/","2"
